productores_sociedad_matricula,productores_sociedad_tipo_id,productores_sociedad_id,productores_sociedad_denominacion,ramo
1,CUIT,30557497419,ROJAS Y GADANO S.A. ,Patrimoniales y Vida
3,CUIT,30572883562,HECTOR MARTINEZ SOSA Y CIA. S.A. ,Patrimoniales y Vida
8,CUIT,30574606132,ASESORA S.A. ,Patrimoniales y Vida
9,CUIT,30622065106,ASESORA SAN JUAN S.A. ,Patrimoniales y Vida
21,CUIT,30579629599,ANTONIO SASTRE E HIJOS S.R.L. ,Patrimoniales y Vida
30,CUIT,30619870855,DENNETT AYLING S.A. ,Patrimoniales y Vida
34,CUIT,30519288814,SURASSUR S.A. ,Patrimoniales y Vida
40,CUIT,30583985820,ACTUARIES S.A. ,Patrimoniales y Vida
44,CUIT,30537322221,MAC DONALD PRODUCTORES ASESORES DE SEGUROS S.C.A. ,Patrimoniales y Vida
47,CUIT,30515786046,MARSH S.A. ,Patrimoniales y Vida
54,CUIT,30596357543,BAERT CONSONNI Y ASOCIADOS S.A. ,Patrimoniales y Vida
59,CUIT,30541799725,WILLIS TOWERS WATSON ARGENTINA S.A. ,Patrimoniales y Vida
60,CUIT,30619469654,ASIFINA S.A. ,Patrimoniales y Vida
62,CUIT,30516385770,WHITE S.A. ,Patrimoniales y Vida
67,CUIT,33541990289,O'GRADY S.A. ,Patrimoniales y Vida
83,CUIT,30595473965,SAN SEGUR S.A. ,Patrimoniales y Vida
85,CUIT,30596860598,UNION ASESORES DE SEGUROS S.A. ,Patrimoniales y Vida
93,CUIT,30541336288,GAMASI S.A. ,Patrimoniales y Vida
95,CUIT,30582596146,BOLLINI ASESORES EN SEGUROS S.A. ,Patrimoniales y Vida
118,CUIT,30586324809,AVAL S.A. ,Patrimoniales y Vida
132,CUIT,30619742520,GEOAL S.A. ,Patrimoniales y Vida
133,CUIT,30572687054,ORGANIZACION P.A.S. S.A. ,Patrimoniales y Vida
137,CUIT,30588282380,SAN JORGE ASESORES DE SEGUROS S.R.L. ,Patrimoniales y Vida
149,CUIT,30583602409,"FIAT CHRYSLER RIMACO ARGENTINA S,A, ",Patrimoniales y Vida
150,CUIT,30598040970,MARCA 5 ASESORES EN SEGUROS S.A. ,Patrimoniales y Vida
174,CUIT,30575200431,ORGANIZACION SERVICIOS EMPRESARIOS Y SISTEMAS SRL ,Patrimoniales y Vida
179,CUIT,30560463223,SERVIDIO S.A. ,Patrimoniales y Vida
214,CUIT,30594853667,COURTAGE S.A. ,Patrimoniales y Vida
253,CUIT,30599999449,BAMARU S.A. ,Patrimoniales y Vida
278,CUIT,30609838317,POLIZA S.A. ,Patrimoniales y Vida
294,CUIT,30605470153,MAKLER S.A. ,Patrimoniales y Vida
316,CUIT,30619556662,SEGBROM S.A. ,Patrimoniales y Vida
321,CUIT,30609160558,J.C.PIZZI Y ASOCIADOS S.A. ,Patrimoniales y Vida
328,CUIT,30613594821,BLOI-SEG S.A. ,Patrimoniales y Vida
332,CUIT,33619381519,SEGURHALL S.A. ,Patrimoniales y Vida
343,CUIT,30572959763,HUGO IGNACIO PEÑA E HIJOS S.A. ,Patrimoniales y Vida
349,CUIT,30618273101,CONCIERTO S.A. ,Patrimoniales y Vida
356,CUIT,30615073004,BERTI Y COMPAÑIA S.A. ,Patrimoniales y Vida
359,CUIT,30611985718,MELER Y GRAZIADIO S.A. ,Patrimoniales y Vida
360,CUIT,30612511604,CRITERIO S.A. ,Patrimoniales y Vida
366,CUIT,30623348667,S.D.P. CONSULTORES ASOCIADOS S.R.L. ,Patrimoniales y Vida
373,CUIT,30623906007,LIUNI-FARETTA S.R.L. ,Patrimoniales y Vida
380,CUIT,30625753798,ESTUDIO ACCINELLI S.A.PROD.ASESORES DE SEGUROS ,Patrimoniales y Vida
387,CUIT,30626252105,GESTION Y SERVICIOS S.R.L. ,Patrimoniales y Vida
390,CUIT,30593673258,DIAZ - ARAOZ S.R.L. ,Patrimoniales y Vida
412,CUIT,30637107085,VILLALOBOS SANCHEZ S.A. ,Patrimoniales y Vida
421,CUIT,30633786948,R.V.A. RASINI VIGANO S.A. ,Patrimoniales y Vida
424,CUIT,30521550240,OSCAR M. REDIN E HIJOS S.A. ,Patrimoniales y Vida
437,CUIT,30625627687,SOC.AMERICANA PROD.ASESORA DE SEGUROS SA ,Patrimoniales y Vida
472,CUIT,33614660169,A.S.V. S.A. ,Patrimoniales y Vida
480,CUIT,30657048689,PROMECOR PRODUCTORA DE SEGUROS GENERALES S.A. ,Patrimoniales y Vida
487,CUIT,30658263133,SUPROSEG S.A. ,Patrimoniales y Vida
492,CUIT,30653255515,ORGANIZACION LIJTMAER S.A. ,Patrimoniales y Vida
495,CUIT,30651468597,MP Y CIA S.A. ,Patrimoniales y Vida
498,CUIT,30615880422,PRINCIPE WILLINER Y BONAFEDE S.A. ,Articulo 19
504,CUIT,33649997069,GRUPO A.D. TAVERNA  S.A. ,Patrimoniales y Vida
505,CUIT,33624815489,PRODUCTORES DE SEGUROS ASOCIADOS S.R.L. ,Patrimoniales y Vida
513,CUIT,30656906606,UNITED BROKERS S.A. ,Patrimoniales y Vida
515,CUIT,30624185044,COOP.DE TRABAJO DE P.A.S. COPROA LTD COOP ,Patrimoniales y Vida
516,CUIT,30659109537,NIKOLS ARGENTINA S.A. ,Patrimoniales y Vida
528,CUIT,30659693751,EXECUTIVE BROKERS PRODUCTORES ASESORES DE SEGUROS S.A. ,Patrimoniales y Vida
529,CUIT,30663433659,PROTECCION Y RETIRO S.A. ,Patrimoniales y Vida
531,CUIT,30659731564,SCORSETTI Y ASOCIADOS S.R.L.  ,Patrimoniales y Vida
534,CUIT,30595658809,S. CADRANEL S.A. ,Patrimoniales y Vida
541,CUIT,30656499385,AURELIO BRUZZESE E HIJOS S.R.L. ,Patrimoniales y Vida
548,CUIT,30661967613,ELBINGER Y ASOCIADOS S.A. ,Patrimoniales y Vida
554,CUIT,30661994564,JOSE PEDRO BATTAGLIERO S.A. ,Patrimoniales y Vida
556,CUIT,33676133629,SEGSUR S.R.L. ,Patrimoniales y Vida
558,CUIT,33668152029,COOPERATIVA DE TRABAJO COPSA LTDA. ,Patrimoniales y Vida
562,CUIT,33663288879,SISTEM BROKERS S.R.L. ,Patrimoniales y Vida
563,CUIT,30665638282,FAZ ASOCIADOS ORGANIZADORES DE SEGUROS S.R.L. ,Patrimoniales y Vida
567,CUIT,30661792562,PROSPECT ASESORES DE SEGUROS S.A.   ,Patrimoniales y Vida
578,CUIT,30666757781,BA.TE.GO. S.A. ,Patrimoniales y Vida
586,CUIT,30677289909,GRUPO ABSA S.A. ,Patrimoniales y Vida
587,CUIT,30678556943,CINALLI INSURANCE BROKER S.A. ,Patrimoniales y Vida
591,CUIT,30663224383,ASESORES DE CORDOBA S.A. ,Patrimoniales y Vida
592,CUIT,30679834149,MIRANDA VITALE Y ASOCIADOS S.A. ,Patrimoniales y Vida
596,CUIT,30678375752,DEL BARCO Y LAUXMANN S.A. ,Patrimoniales y Vida
604,CUIT,30674748171,CUICCHI GAVEGLIO S.A. ,Patrimoniales y Vida
607,CUIT,30656170693,MOREY Y ASOC. S.A. ,Patrimoniales y Vida
609,CUIT,30707363599,DANIEL & EDUARDO TAHAN ASESORES S.C. ,Patrimoniales y Vida
611,CUIT,30680265360,LAURO ASESORES BROKERS DE SEGUROS S.R.L. ,Patrimoniales y Vida
612,CUIT,30679881678,ZACHARIAS S.A. ,Patrimoniales y Vida
618,CUIT,30664556665,GRUPO CUENCA S.R.L. ,Articulo 19
623,CUIT,30645250687,O.L.A.S. ASESORES DE SEGUROS S.R.L. ,Patrimoniales y Vida
625,CUIT,30682938427,CLIPPER LIFE S.A. ,Patrimoniales y Vida
627,CUIT,30669372384,ELIDA DE ALASSIA Y CIA. S.C. ,Articulo 19
632,CUIT,30682945245,MAGNALIFE S.A. ,Patrimoniales y Vida
642,CUIT,30682970665,FULL COVER S.R.L. ,Patrimoniales y Vida
654,CUIT,30685146882,DIRECCION BS.AS. S.A. ,Patrimoniales y Vida
657,CUIT,30683016531,MANFRINO MARIANI DOLAN & ASOCIADOS S.R.L. ,Patrimoniales y Vida
664,CUIT,30666364496,CARLOS HORACIO PEREZ S.R.L. ,Articulo 19
678,CUIT,30688939050,MIDDLE SEA ASESORES DE SEGUROS S.A. ,Patrimoniales y Vida
693,CUIT,30689179750,SALTA S.A. ,Patrimoniales y Vida
700,CUIT,30667115554,SEGURARGEN S.R.L. ,Articulo 19
702,CUIT,33688323199,SUR INSURANCE BROKERS S.R.L. ,Patrimoniales y Vida
704,CUIT,30688993470,WORLD GROUP S.A. ,Patrimoniales y Vida
705,CUIT,30687327256,AON RISK SERVICES ARGENTINA S.A. ,Patrimoniales y Vida
706,CUIT,30674853307,RAUL Y PABLO NOVAIRA Y CIA. S.C.C. ,Articulo 19
710,CUIT,33692163619,ORGANIZACION MASCIA E HIJOS S.A. ,Patrimoniales y Vida
717,CUIT,30693200268,GARCIA SANTILLAN Y ASOCIADOS ,Patrimoniales y Vida
718,CUIT,30696049730,INSUBROKERS S.A. ,Patrimoniales y Vida
735,CUIT,30700936348,MESSIS ASESORES DE SEGUROS S.A. ,Patrimoniales y Vida
737,CUIT,30698410333,GDANSK GROUP S.A. ,Patrimoniales y Vida
740,CUIT,30665200856,OSCAR RAUL FERNANDEZ Y CIA. S.A. ,Patrimoniales y Vida
743,CUIT,30672085663,MILA S.A. ,Patrimoniales y Vida
746,CUIT,30699004223,RESPONSABILIDAD PROFESIONAL S.A. ,Patrimoniales y Vida
748,CUIT,33681810159,NATIONAL BROKERS S.A. ,Patrimoniales y Vida
749,CUIT,30700915847,MC LEAN Y ASOCIADOS S.A. ,Patrimoniales y Vida
751,CUIT,30684362522,M.BERTOLACCINI S.A. ,Patrimoniales y Vida
754,CUIT,30654813783,CUMPLIENDO S.A. ,Patrimoniales y Vida
755,CUIT,30701832724,SEGPOOL COMERCIALIZACION BY NET S.A. ,Patrimoniales y Vida
759,CUIT,30691490692,HORACIO MORRONE Y ASOCIADOS S.R.L. ,Articulo 19
760,CUIT,30703079284,BROKER DE ARGENTINA S.A. ,Patrimoniales y Vida
768,CUIT,30707004955,CENTRO ATENCION CORDOBA S.R.L. ,Patrimoniales y Vida
769,CUIT,30703566851,AGRARIA PRODUCTORES Y ASESORES S.A. ,Patrimoniales y Vida
770,CUIT,30701293424,PLATE ASESORES DE SEGUROS S.A. ,Patrimoniales y Vida
773,CUIT,33705180259,ALL RISK ASESORES DE SEGUROS S.R.L. ,Patrimoniales y Vida
775,CUIT,30707039619,CONSULGROUP S.A. ,Patrimoniales y Vida
777,CUIT,30707055118,SCRUM BROKERS S.R.L. ,Patrimoniales y Vida
780,CUIT,30695666264,ORGANIZACION DE PRODUCTORES ASESORES DE SEGUROS JUFER S.R.L. ,Articulo 19
781,CUIT,30707108084,ESTUDIO DE CREDITOS Y CAUCIONES S.A. ,Patrimoniales y Vida
782,CUIT,30707210792,R & S CONSULTORA DE RIESGOS S.R.L. ,Patrimoniales y Vida
784,CUIT,30707139591,LATIN PRODUCTORES ASESORES DE SEGUROS S.A. ,Patrimoniales y Vida
788,CUIT,30695122787,NORDEN BROKERS S.A. ,Patrimoniales y Vida
789,CUIT,30707111212,AGIL PRO S.A. RED DE ORGANIZADORES DE SEGUROS ,Patrimoniales y Vida
790,CUIT,30707264485,RISK SOLUTIONS S.A. ,Patrimoniales y Vida
797,CUIT,30707321578,GRUPO GENESIS ASESORES DE SEGUROS S.R.L. ,Patrimoniales y Vida
798,CUIT,30708059265,EURO SECURITY S.A. ,Patrimoniales y Vida
799,CUIT,33707244289,PORTA & PORTA S.C. ,Patrimoniales y Vida
802,CUIT,30707388117,QUANTUM BROKERS S.A. ,Patrimoniales y Vida
803,CUIT,30707445129,UNE GROUP S.A. ,Patrimoniales y Vida
809,CUIT,30707440844,LEWITAN Y ASOCIADOS S.A. ,Patrimoniales y Vida
810,CUIT,30707448438,CARLOS A. MARTIN S.R.L. ,Patrimoniales y Vida
812,CUIT,30707492976,ROS BROKERS P.A.S. PATAGONICOS S.A. ,Patrimoniales y Vida
815,CUIT,30707463917,BROKERS GROUP PRODUCTORES ASESORES DE SEGUROS S.R.L. ,Patrimoniales y Vida
818,CUIT,30698002898,EXPERTISE BROKERS ASESORES DE SEGUROS S.A. ,Patrimoniales y Vida
821,CUIT,30707716882,ALLARIA BROKER SOCIEDAD DE PRODUCTORES ASESORES DE SEGUROS S.A. ,Patrimoniales y Vida
824,CUIT,30707760768,BMC PRODUCTORES DE SEGUROS S.A. ,Patrimoniales y Vida
827,CUIT,30707867740,AXIOMA CONSULTORES S.A. ,Patrimoniales y Vida
829,CUIT,30708265094,CONSULTORA DE RIESGOS S.R.L. ,Patrimoniales y Vida
830,CUIT,30707880550,MAKE A TEAM S.R.L. ,Patrimoniales y Vida
832,CUIT,30707893261,MAJOSEG ASESORES DE SEGUROS S.A. ,Patrimoniales y Vida
835,CUIT,30707966978,ORGANIZACION SAN LORENZO S.R.L ,Patrimoniales y Vida
839,CUIT,30708028734,DDN BROKERS S.A. ,Patrimoniales y Vida
841,CUIT,30708364793,BACHELLIER S.A. ,Patrimoniales y Vida
842,CUIT,30708142855,SUDAMERICAN BROKERS S.A. ,Patrimoniales y Vida
844,CUIT,30708198397,PRIMA PRODUCTORA ASESORA DE SEGUROS S.A. ,Patrimoniales y Vida
845,CUIT,30708099119,GALICIA BROKER ASESORES DE SEGUROS S.A. ,Patrimoniales y Vida
846,CUIT,30708200510,PAWA PRODUCTORES DE SEGUROS ESCOLARES S.R.L. ,Patrimoniales y Vida
847,CUIT,30708212144,COBERTURAS & SERVICIOS S.A. ,Patrimoniales y Vida
850,CUIT,30708164581,ROMAG Y ASOCIADOS S.A. ,Patrimoniales y Vida
851,CUIT,30708245786,ALVAREZ AMUCHASTEGUI S.A. ,Patrimoniales y Vida
853,CUIT,30708160586,GRUPO ELIZALDE S.A. ,Patrimoniales y Vida
854,CUIT,30708324996,ALBROKER S.A. ,Patrimoniales y Vida
855,CUIT,30708402865,SEGUCOM S.A. ,Patrimoniales y Vida
856,CUIT,30708372567,RC BROKERS ASESORES DE SEGUROS S.A. ,Patrimoniales y Vida
858,CUIT,30708380667,WG S.A. ,Patrimoniales y Vida
861,CUIT,30708059249,KRAMP S.A. ,Patrimoniales y Vida
862,CUIT,30708440147,SMSV ASESORES DE SEGUROS S.A. ,Patrimoniales y Vida
863,CUIT,33708648499,WALSH BOTTA Y ASOCIADOS P.A.S. S.R.L.EGURO ,Patrimoniales y Vida
864,CUIT,30707944389,GONZALEZ - SANTOIANNI ASOCIADOS S.R.L.  ,Patrimoniales y Vida
865,CUIT,30708480467,FIRST BROKER ASESORES DE SEGUROS S.R.L. ,Patrimoniales y Vida
866,CUIT,33611895289,ORGANIZACION NELDO RAFFO S.A. ,Articulo 19
867,CUIT,30708321172,VALIANT BROKERS S.A. ,Patrimoniales y Vida
868,CUIT,33707875629,A. GARCIA CARRERA E HIJOS ASESORES DE SEGUROS S.A. ,Patrimoniales y Vida
869,CUIT,30708410728,ROCA S.R.L. ,Patrimoniales y Vida
870,CUIT,30708576502,PATAGONIA BROKER S.A. ,Patrimoniales y Vida
871,CUIT,30708502525,ABC BROKER S.A.S. ,Patrimoniales y Vida
873,CUIT,30708644826,D.S.L. BROKER S.R.L. ,Patrimoniales y Vida
874,CUIT,30708443847,A. Y D. ASESORES S.R.L. ,Patrimoniales y Vida
875,CUIT,30708586052,GRUPO R. B. PRODUCTORES ASESORES DE SEGUROS S.R.L. ,Patrimoniales y Vida
876,CUIT,30708286571,V. N. G. S.R.L. ,Patrimoniales y Vida
877,CUIT,30708694394,MEGAPRO S.A. ,Patrimoniales y Vida
878,CUIT,30708594063,SMURRA S.A. PRODUCTORES ASESORES DE SEGUROS S.A. ,Patrimoniales y Vida
879,CUIT,33708645759,LOCKTON SOCIEDAD DE PRODUCTORES ASESORES DE SEGUROS S.A. ,Patrimoniales y Vida
880,CUIT,30708540443,ORGANIZACION RIO CUARTO S.R.L. ,Patrimoniales y Vida
882,CUIT,33708200609,NATIONAL BUSINESS & SERVICES S.A. ,Patrimoniales y Vida
884,CUIT,30708628626,RODOLFO B ESPELUSE Y CIA SC ,Patrimoniales y Vida
885,CUIT,30708833912,ARCONSULTORA S.A. ,Patrimoniales y Vida
886,CUIT,30708822457,TRUST RISK MANAGEMENT S.A. ,Patrimoniales y Vida
887,CUIT,30708776145,ING TERZIAN Y ASOCIADOS S.A. ,Patrimoniales y Vida
890,CUIT,30708824212,ALLIANCE ARGENTINA S.R.L. ,Patrimoniales y Vida
892,CUIT,30708833262,PRODUCTORES ASESORES DE SEGUROS J.C.A. S.R.L. ,Patrimoniales y Vida
894,CUIT,30612093748,VISTALBA S.A. ,Patrimoniales y Vida
895,CUIT,30708662247,COHESION S.A. ,Patrimoniales y Vida
896,CUIT,30708973544,AGENCIA NUÑEZ S.A. ,Patrimoniales y Vida
898,CUIT,30709010219,PROASEG ASESORES DE SEGUROS S.R.L. ,Patrimoniales y Vida
900,CUIT,30709042412,ROMASANTA Y ASOCIADOS S.A. ,Patrimoniales y Vida
903,CUIT,30709054216,ORGANIZACION B.A. S.A. ,Patrimoniales y Vida
904,CUIT,30694681200,S.P. RISK SERVICE S.A. ,Patrimoniales y Vida
905,CUIT,33709388679,CH PLUS ASESORES DE SEGUROS S.A. ,Patrimoniales y Vida
906,CUIT,30708880678,T.G. BROKER S.A. ,Patrimoniales y Vida
907,CUIT,30708910828,OAS S.R.L. ,Patrimoniales y Vida
909,CUIT,30708979259,ABALSE S.R.L. ,Articulo 19
912,CUIT,30709156337,ORGANIZACION CORRAL S.A. ,Articulo 19
913,CUIT,30709169633,LATINAMERICAN BROKERS S.R.L. ,Patrimoniales y Vida
914,CUIT,30709172154,ORGANIZACION BOFFELLI SRL ,Patrimoniales y Vida
915,CUIT,30709302481,COVER GROUP ASESORES DE SEGUROS ,Patrimoniales y Vida
916,CUIT,30709283134,G.M. ADVISORS S.A. ,Patrimoniales y Vida
917,CUIT,30708965657,BROKERAGE S.A ,Patrimoniales y Vida
918,CUIT,30708966750,URTUBEY BOCCALINI S.R.L. ,Articulo 19
919,CUIT,30709058998,FINANCIAL BENEFIT S.A. ,Patrimoniales y Vida
920,CUIT,30709329428,J.P.B.BROKERS S.A. ,Patrimoniales y Vida
921,CUIT,30709342017,GRUPO A BROKER S.A. ,Patrimoniales y Vida
922,CUIT,30709413585,NACORA S.A. ,Patrimoniales y Vida
923,CUIT,30709372676,GRUPO MESOPOTAMICO S.R.L. ,Patrimoniales y Vida
924,CUIT,30712016651,BROKER ASESORES DE SEGUROS VACS Y ASOCIADOS S.R.L. ,Patrimoniales y Vida
925,CUIT,30709378852,ASSURLINE S.R.L. ,Patrimoniales y Vida
928,CUIT,30709451525,ARTAI ARGENTINA S.A. ,Patrimoniales y Vida
930,CUIT,30709363618,MELE HNOS & ASOCIADOS S.R.L. ,Patrimoniales y Vida
931,CUIT,30709489409,NUEVOS AIRES BROKER ,Patrimoniales y Vida
934,CUIT,33709464219,ROBERTO NOCETTI Y DANIEL NOCETTI SOCIEDADA COLECTIVA ,Patrimoniales y Vida
935,CUIT,30709198021,BA TEAM S.A. ,Patrimoniales y Vida
936,CUIT,33709570299,N & E ASESORES EN SEGUROS S.A. ,Patrimoniales y Vida
938,CUIT,30709693308,GRUPO 10 ASESORES Y PRODUCTORES DE SEGUROS S.A. ,Patrimoniales y Vida
940,CUIT,30709616192,CONSULTABLE S.A. ,Patrimoniales y Vida
941,CUIT,33709627649,ARG BROKER SRL ,Patrimoniales y Vida
942,CUIT,30709289612,BELGRANO PRODUCTORES ASESORES SRL ,Patrimoniales y Vida
943,CUIT,30709650625,OESTE BROKER S.A. ,Patrimoniales y Vida
944,CUIT,30709691844,ACSEG BROKER DE GARANTIAS S.R.L. ,Patrimoniales y Vida
945,CUIT,33709428409,GRUPO SUD ORGANIZACION DE PRODUCTORES DE SEGUROS S.R.L. ,Patrimoniales y Vida
947,CUIT,30709660361,GIZZI COLOMBO SOCIEDAD DE RESPONSABILIDAD LIMITADA ,Patrimoniales y Vida
948,CUIT,30709693375,COLUNGA BRINGAS Y ASOCIADOS S.R.L. ,Patrimoniales y Vida
949,CUIT,30709671398,SERVICIOS Y CAPITALES SAN JUAN  S.R.L.. ,Patrimoniales y Vida
952,CUIT,30709725641,C. Y C. PRODUCTORES DE SEGUROS S.R.L. ,Patrimoniales y Vida
953,CUIT,30709782092,AMERICANSEG BROKERS S.A. ,Patrimoniales y Vida
954,CUIT,33709733139,GAMAN ARGENTINA S.R.L. ASESORES DE SEGUROS ,Patrimoniales y Vida
955,CUIT,30709737429,VIS ASESORES DE SEGUROS S.A. ,Patrimoniales y Vida
956,CUIT,30709771279,COOPERATIVA DE TRABAJO COOPAS LTDA ,Patrimoniales y Vida
957,CUIT,30709802735,ADC CORREDORES ARGENTINOS DE SEGUROS SOCIEDAD ANONIMA ,Patrimoniales y Vida
958,CUIT,30709649538,BMYA ASESORES S.R.L. ,Patrimoniales y Vida
960,CUIT,33709754179,VSB BROKERS S.A. ,Patrimoniales y Vida
962,CUIT,30699750804,ORGANIZACION AMPARO S.R.L. ,Patrimoniales y Vida
963,CUIT,30709842664,DAWER BROKERS SOCIEDAD RESPONSABILIDAD LIMITADA ,Patrimoniales y Vida
964,CUIT,30709804266,DE LAURENTIIS AGENTES Y ASESORES EN SEGUROS SRL. ,Patrimoniales y Vida
967,CUIT,30709916544,GRUPO PANDOLFI S.A. ,Patrimoniales y Vida
968,CUIT,33712191509,RMA ASESORES EN SEGUROS S.R.L. ,Patrimoniales y Vida
969,CUIT,30709931403,DKS S.A. ,Patrimoniales y Vida
972,CUIT,30709993174,BP BROKERS S.A. ,Patrimoniales y Vida
974,CUIT,30710034482,ADMINISTRADORA DE RIESGOS GENERALES S.A. ,Patrimoniales y Vida
975,CUIT,30709957151,J & M R ASSEG S.R.L. ,Patrimoniales y Vida
976,CUIT,30710300476,CARMILTOMFRAN PRODUCTORES DE SEGUROS S.R.L. ,Patrimoniales y Vida
977,CUIT,30710134282,AVANZANDO S.R.L. ,Patrimoniales y Vida
978,CUIT,30710102429,BUS BROKER S.R.L. ,Patrimoniales y Vida
980,CUIT,30710057172,MAS BROKERS PRODUCTORES DE SEGUROS S.R.L. ,Patrimoniales y Vida
983,CUIT,30709931756,GARINO Y ASOCIADOS PRODUCTORES ASESORES DE SEGUROS S.R.L. ,Patrimoniales y Vida
984,CUIT,30710145071,MARIO CHAVEZ & ASOCIADOS - ASESORES DE SEGUROS SRL. ,Patrimoniales y Vida
985,CUIT,30710116780,BARONE GROUP S.A. ,Patrimoniales y Vida
986,CUIT,30710224508,BROKER  ASESORES DE SEGUROS S.A. ,Patrimoniales y Vida
987,CUIT,30710145276,G&A BROKER S.R.L. ,Patrimoniales y Vida
989,CUIT,30710169620,CENTRO ATENCION MORON S.R.L. ,Patrimoniales y Vida
990,CUIT,33709938059,AON AFFINITY ARGENTINA S.A. ,Patrimoniales y Vida
991,CUIT,30710288557,MIUNA ASESORES DE SEGUROS SOCIEDAD DE RESPONSABILIDAD LIMITADA ,Patrimoniales y Vida
992,CUIT,30709365548,CASTELLO - MERCURI S.A. ,Patrimoniales y Vida
993,CUIT,30709811661,ORGANIZACION STORTI - FAGGIANO S.R.L. ,Patrimoniales y Vida
994,CUIT,30710252188,WAY SEG S.A. ,Patrimoniales y Vida
995,CUIT,30710182589,MANSILLA Y ASOCIADOS SOC.COL. ,Patrimoniales y Vida
996,CUIT,30709181188,ESTRACH GROUP S.R.L. ,Patrimoniales y Vida
997,CUIT,30710302312,MADERO ASESORES DE SEGUROS S.A. ,Patrimoniales y Vida
998,CUIT,30710216327,SURLEBEN SRL. ,Patrimoniales y Vida
1001,CUIT,30710306407,FAHYCO S.A. ,Patrimoniales y Vida
1003,CUIT,30710371306,ALEA BROKER DE SEGUROS S.A. ,Patrimoniales y Vida
1005,CUIT,30710267169,CEN LITORAL SRL. ,Patrimoniales y Vida
1006,CUIT,30710277881,VITARE S.A. ,Patrimoniales y Vida
1008,CUIT,30710639368,PARRADO Y ASOCIADOS S.A. ,Patrimoniales y Vida
1009,CUIT,30710479131,NEW LEADERS S.R.L. ,Patrimoniales y Vida
1010,CUIT,30710536526,CENEFYP S.A. ,Patrimoniales y Vida
1011,CUIT,30710509235,HAWK BROKERS S.A. ,Patrimoniales y Vida
1012,CUIT,30710374429,ORGANIZACION GOLOSETTI PRODUCTORES ASESORES DE SEGURO SOCIEDAD DE RESPONSABILIDAD LIMITADA ,Articulo 19
1013,CUIT,30710351712,ASESORES ASOCIADOS S.R.L. ,Articulo 19
1014,CUIT,30710501498,A. GALANTE Y ASOCIADOS S.A. ,Patrimoniales y Vida
1015,CUIT,30710442882,R.M. BROKERS S.A. ,Patrimoniales y Vida
1016,CUIT,30710521782,NGN ASESORES EN SEGUROS S.A. ,Patrimoniales y Vida
1017,CUIT,30710545932,MENDOZA BROKER SRL. ,Patrimoniales y Vida
1018,CUIT,30710579683,ELBINGER SOCIEDAD ANONIMA ,Patrimoniales y Vida
1019,CUIT,33710621379,MAGNASCO BROKERS SRL. ,Patrimoniales y Vida
1020,CUIT,30710556721,SAS ASESORES DE SEGUROS SRL. ,Patrimoniales y Vida
1021,CUIT,30676410178,GESTORA CONDOR S.A. ,Patrimoniales y Vida
1024,CUIT,30710631960,SECURITY TOTAL S.A. ,Patrimoniales y Vida
1027,CUIT,30710533268,FRASCINETO S.R.L. ,Articulo 19
1028,CUIT,30710671229,EDGAR PIERAGOSTINI ASESORES DE SEGUROS S.R.L. ,Patrimoniales y Vida
1029,CUIT,30710578229,FULL RISK SOCIEDAD ANONIMA ,Patrimoniales y Vida
1030,CUIT,30709273570,KAZAN Y ASOCIADOS S.R.L. ,Patrimoniales y Vida
1032,CUIT,30710019416,FORRESTER VELIZ S.R.L. ,Patrimoniales y Vida
1033,CUIT,33710648749,ORGANIZACION SPERANZA S.A. ,Patrimoniales y Vida
1034,CUIT,30710705336,MG GROUP CONSULTING S.R.L. ,Patrimoniales y Vida
1035,CUIT,30710418930,PRODUCTORA DELMAR ASOCIADA S.A. ,Patrimoniales y Vida
1036,CUIT,30710811179,FRANKFURT BROKER SOCIEDAD DE PRODUCTORES ASESORES DE SEGUROS S.A. ,Patrimoniales y Vida
1037,CUIT,30710594232,JANA BROKERS S.R.L. ,Patrimoniales y Vida
1038,CUIT,30710419252,A & S BROKER ASESORAMIENTO Y SERVICIO S.A. ,Patrimoniales y Vida
1040,CUIT,30710713711,ADRIES S.R.L. ,Patrimoniales y Vida
1041,CUIT,30710836422,B&G BROKERS S.R.L. ,Patrimoniales y Vida
1042,CUIT,30710770863,ORGANIZACION GTS S.R.L. ,Patrimoniales y Vida
1043,CUIT,33710820029,POWERMARKET BROKERS S.R.L. ,Patrimoniales y Vida
1044,CUIT,30710810598,PASIECZNIK Y ASOCIADOS SOCIEDAD DE RESPONSABILIDAD LIMITADA ,Patrimoniales y Vida
1047,CUIT,30710651775,ORGANIZACION TORZILLI S.A. ,Patrimoniales y Vida
1048,CUIT,30710863985,PRODUCTORA AGM S.A ,Patrimoniales y Vida
1049,CUIT,30710837976,ESTUDIO TANTERA S.R.L. ,Patrimoniales y Vida
1050,CUIT,30710974280,IBBOS S.A. ,Patrimoniales y Vida
1051,CUIT,33710538099,ACTIS & BAYUGAR S.R.L. ,Patrimoniales y Vida
1052,CUIT,30710878079,NORDEN LA PAMPA S.A. ,Patrimoniales y Vida
1053,CUIT,30710928092,HERNAEZ & ASOC. S.R.L. ,Patrimoniales y Vida
1054,CUIT,30710869460,HALFF ARGENTINA S.A. ,Patrimoniales y Vida
1055,CUIT,30710867360,MORTOLA ASESORES DE SEGUROS S.A. ,Patrimoniales y Vida
1056,CUIT,30710898282,ORGANIZACION DE PRODUCTORES-ASESORES DE SEGUROS BIG  SRL. ,Patrimoniales y Vida
1057,CUIT,30710888813,J.PIETRANERA S.A. ,Patrimoniales y Vida
1058,CUIT,33711013909,MET ASESORES DE EGUROS S.A. ,Patrimoniales y Vida
1060,CUIT,30710949936,MEF BROKERS DE ASESORES DE SEGUROS S. R. L. ,Patrimoniales y Vida
1061,CUIT,30710731167,NUEVA IMAGEN GERENCIADORA DE RIESGOS S. R. L. ,Patrimoniales y Vida
1062,CUIT,30710398492,MORRONE Y CIA. S.A. ,Articulo 19
1064,CUIT,30710504969,CAPBROKER S.A. ,Patrimoniales y Vida
1065,CUIT,30710970099,SEGURCRET BROKERS S.R.L. ,Patrimoniales y Vida
1066,CUIT,30710933657,AES S.R.L. ,Patrimoniales y Vida
1067,CUIT,30710701403,GRUPO ASESOR DEL SUR S.A. ,Patrimoniales y Vida
1068,CUIT,30710170211,ORGANIZACION GIOLITTI S.A. ,Patrimoniales y Vida
1069,CUIT,30710999348,RAICES S.A. ASESORES DE SEGUROS ,Patrimoniales y Vida
1070,CUIT,30710953321,TG LINEAS PERSONALES S.A. ,Patrimoniales y Vida
1071,CUIT,33662347049,ORGANIZACION GALLARDO S.A. PRODUCTORES ASESORES DE SEGUROS ,Patrimoniales y Vida
1072,CUIT,30711139652,GRUPO FRECCERO S.R.L. ,Patrimoniales y Vida
1074,CUIT,30711068208,PANANBROKER S.A. ,Patrimoniales y Vida
1076,CUIT,30711061882,RISK CONSULTANT S.A. ,Patrimoniales y Vida
1077,CUIT,30711213909,GLOBAL SOLUTION BROKER S.A. ,Patrimoniales y Vida
1080,CUIT,30711236720,S & D CONSULTORES ASESORES  DE SEGUROS S.R.L. ,Patrimoniales y Vida
1081,CUIT,30711241848,UNION DE ASESORES DE PILAR S.A. ,Patrimoniales y Vida
1082,CUIT,30711256578,FITSBROKERS S.A. ,Patrimoniales y Vida
1083,CUIT,30711216967,SAN NICOLAS BROKERS S.A. ,Patrimoniales y Vida
1084,CUIT,30711293066,UW BROKERS S.A. ,Patrimoniales y Vida
1085,CUIT,30711241449,INNOVASEG S. A. ,Patrimoniales y Vida
1086,CUIT,30711285365,LIBRIZZI Y ASOCIADOS S.A. ,Patrimoniales y Vida
1088,CUIT,30711220603,INDUSTRIAL ASESORES DE SEGUROS S.A. ,Patrimoniales y Vida
1089,CUIT,30711326118,A&G. ORGANIZACION DE PRODUCTORE ASESORES DE SEGUROS S.A. ,Patrimoniales y Vida
1090,CUIT,30711084548,SERVIR S.A. ,Patrimoniales y Vida
1091,CUIT,30711359415,FRIBOURG S.A. ,Patrimoniales y Vida
1092,CUIT,30711315418,CONSULTORA TYR SRL. ,Patrimoniales y Vida
1093,CUIT,30711190135,ROSSO ASESOR & PRODUCTOR DE SEGUROS S.A. ,Patrimoniales y Vida
1094,CUIT,30711225087,VALLEJO PRODUCTORES ASESORES S.R.L. ,Patrimoniales y Vida
1095,CUIT,30711354871,ORGANIZACION SUR S.R.L. ,Articulo 19
1096,CUIT,30711298742,GUIDI BROKER S.A. ,Patrimoniales y Vida
1097,CUIT,30711382662,NORFOLK CONSULTING GROUP S.A. ,Patrimoniales y Vida
1098,CUIT,30711307148,SURETY ARGENTINA S.A. ,Patrimoniales y Vida
1100,CUIT,30711323658,PROFESSIONAL BROKERS S.A. ,Patrimoniales y Vida
1101,CUIT,30711348529,RUBIO ASESORES DE SEGUROS SOCIEDAD DE RESPONSABILIDAD LIMITADA ,Patrimoniales y Vida
1102,CUIT,30711332959,OSVALDO MATTALIA SRL. ,Articulo 19
1103,CUIT,30711458316,MC BROKERS S.R.L ,Patrimoniales y Vida
1104,CUIT,30711470499,FRANSEGUR  S.R.L. ,Patrimoniales y Vida
1105,CUIT,30711152977,PEREIRA Y ASOCIADOS SRL. ,Patrimoniales y Vida
1106,CUIT,30711455384,ELLER BROKERS DE PRODUCTORES ASESORES DE SEGUROS S.A. ,Patrimoniales y Vida
1107,CUIT,30711501602,LOS HACHE S.A. ,Patrimoniales y Vida
1108,CUIT,30711508941,ADMINISTRACION METROPOLITANA SRL ,Patrimoniales y Vida
1109,CUIT,30711469415,JOSE LUIS GALLO Y ASOCIADOS S.R.L. ,Articulo 19
1110,CUIT,30711497141,ORGANIZACION FEDERAL DE SERVICIOS S.A. ,Patrimoniales y Vida
1111,CUIT,30711521948,ARIEL SILVA ASESORES DE SEGUROS S.R.L. ,Patrimoniales y Vida
1112,CUIT,30711564256,ESEPE BROKERS S.R.L. ,Patrimoniales y Vida
1113,CUIT,30710763301,ASESORES DE SEGUROS S.E.S SRL. ,Patrimoniales y Vida
1114,CUIT,30711566860,TABOAS Y ASOCIADOS S.A. ,Patrimoniales y Vida
1115,CUIT,30710722222,GESYSER S.A. ,Patrimoniales y Vida
1116,CUIT,30711620113,CHRONOS BROKER S.A. ,Patrimoniales y Vida
1117,CUIT,30711593469,ROYBA & ASOCIADOS S.A. ,Patrimoniales y Vida
1119,CUIT,30711556954,MOLINARI-CHOUHY ASESORES DE SEGUROS S.A. ,Patrimoniales y Vida
1120,CUIT,30711527199,NB PRODUCTORES S.A. ,Patrimoniales y Vida
1121,CUIT,30711392404,P.A.S.  S.A. ,Patrimoniales y Vida
1122,CUIT,30711641137,GRUPO RIAFRECHA S.R.L. ,Patrimoniales y Vida
1123,CUIT,30711689628,SOLUTIONS BROKERS S.R.L. ,Patrimoniales y Vida
1124,CUIT,30711694907,ELIA Y ASOCIADOS  S.R.L. ,Patrimoniales y Vida
1125,CUIT,30711583455,MUSCA S.A. ,Patrimoniales y Vida
1126,CUIT,30711628610,SECURITY GROUP Y ASOCIADOS S.A. ,Patrimoniales y Vida
1127,CUIT,30711736596,PARH ASESORES PRODUCTORES DE SEGUROS SRL. ,Patrimoniales y Vida
1128,CUIT,30711745382,ASESORES DE SEGUROS S.A. ,Patrimoniales y Vida
1129,CUIT,30711558221,NET BROKER S.A. ,Patrimoniales y Vida
1130,CUIT,30710652453,SEGUBROKER S.A. ,Patrimoniales y Vida
1131,CUIT,30711755248,PREVISION UNIVERSAL S.A. ,Patrimoniales y Vida
1132,CUIT,30711426015,FERNANDO O. CARRIN Y CIA. SOCIEDAD COLECTIVA ,Patrimoniales y Vida
1133,CUIT,30711488258,VALFE S.A. ,Patrimoniales y Vida
1136,CUIT,30711852294,CASTRO ASESORES DE SEGUROS S.R.L. ,Patrimoniales y Vida
1137,CUIT,30711841012,P.R.CASTELLI S.R.L. ,Patrimoniales y Vida
1138,CUIT,30711894507,GRUPO TMG ASESORES DE SEGUROS S.A. ,Patrimoniales y Vida
1140,CUIT,30711909040,ESTUDIO BOSCH S.R.L. ,Patrimoniales y Vida
1141,CUIT,30711912971,LITSA S.R.L. ,Patrimoniales y Vida
1143,CUIT,33697961599,UNA CIFRA S.A. ,Patrimoniales y Vida
1144,CUIT,30711802904,COMPRE DIRECTO S.A. ,Patrimoniales y Vida
1145,CUIT,30711943346,MS RISK SERVICES S.A. ,Patrimoniales y Vida
1146,CUIT,30711945993,BRI BROKERS S.A. ,Patrimoniales y Vida
1147,CUIT,30711828113,TORRES - BOAGLIO S.R.L. ,Patrimoniales y Vida
1148,CUIT,30711985758,VFS ARGENTINA ASESORES DE SEGUROS SRL ,Patrimoniales y Vida
1150,CUIT,30712001093,PINASCO SOLVEYRA SRL ,Patrimoniales y Vida
1151,CUIT,30712078800,SERVICE RISK S.A. ,Patrimoniales y Vida
1152,CUIT,33712058469,ORGANIZACION NANZER & CIA.PRODUCTORES ASESORES DE SEGUROS SOCIEDAD COLECTIVA ,Patrimoniales y Vida
1153,CUIT,30712207600,RC S.R.L. ,Patrimoniales y Vida
1154,CUIT,30712096337,S & M ASESORES DE SEGUROS S.A. ,Patrimoniales y Vida
1155,CUIT,30712129308,ASESORES SEGUROENLINEA S.A. ,Patrimoniales y Vida
1156,CUIT,30712065695,GUILLERMO STORINO Y ASOCIADOS S.R.L. ,Patrimoniales y Vida
1157,CUIT,30712104984,WEB BROKER SA  ,Patrimoniales y Vida
1158,CUIT,30712097465,GERBAUDI & CLEMENTE ASESORES S.R.L.   ,Patrimoniales y Vida
1159,CUIT,30712049258,EXASEG SRL ,Patrimoniales y Vida
1160,CUIT,30712182276,BROKART S.R.L. ,Patrimoniales y Vida
1161,CUIT,30712193227,ORGANIZADORA SUR S.A. ,Patrimoniales y Vida
1164,CUIT,30712218173,INTERNO S.R.L. ,Patrimoniales y Vida
1165,CUIT,30712201823,GRUPO AMUCHASTEGUI S.A. ,Patrimoniales y Vida
1166,CUIT,30712236392,CONSULTORA CENTRAL B & C S.R.L. ,Patrimoniales y Vida
1167,CUIT,30711879508,BDF PRODUCTORES ASESORES SA ,Patrimoniales y Vida
1168,CUIT,33712285929,VILLANUEVA PRODUCTORES ASESORES DE SEGUROS SRL ,Patrimoniales y Vida
1170,CUIT,30712315101,SAS CONSULTORES S.R.L. ,Patrimoniales y Vida
1171,CUIT,30712394737,CMD Y ASOCIADOS S.R.L. ,Patrimoniales y Vida
1172,CUIT,30712390472,ORGANIZACION COUYET SA ,Patrimoniales y Vida
1173,CUIT,33712374719,GRUPO QV SRL ,Articulo 19
1174,CUIT,30712389075,SEGURARSE ASESORES DE SEGUROS S.A. ,Patrimoniales y Vida
1175,CUIT,30712295917,BROKER DEL BOULEVARD S.R.L. ,Patrimoniales y Vida
1176,CUIT,30712441999,MENOTTI-ELISEI PRODUCTORES ASOCIADOS ,Patrimoniales y Vida
1177,CUIT,30712465979,GSA BROKER S.R.L ,Patrimoniales y Vida
1179,CUIT,30712522360,SIGNAL ASSISTANCE SRL ,Patrimoniales y Vida
1180,CUIT,30712284222,ICONO SRL ,Patrimoniales y Vida
1181,CUIT,30712521712,SCHWARTZMAN & ASOCIADOS SA ,Patrimoniales y Vida
1182,CUIT,30712365079,ORGANIZACION DE PRODUCTORES B & R SRL ,Patrimoniales y Vida
1183,CUIT,30711778744,J N ASESORES DE SEGUROS SA ,Patrimoniales y Vida
1184,CUIT,30712245464,SEGURMAX S.R.L. ,Patrimoniales y Vida
1185,CUIT,30712478795,BROKER ASESORES S.A ,Patrimoniales y Vida
1186,CUIT,30712477314,FMA BROKERS S.R.L. ,Patrimoniales y Vida
1187,CUIT,30712885005,ACS COMERCIAL ASESORES DE SEGUROS SRL ,Patrimoniales y Vida
1188,CUIT,33712530419,DANVER S.R.L. ,Patrimoniales y Vida
1191,CUIT,33712603009,B.D.S S.R.L. ,Patrimoniales y Vida
1192,CUIT,30712771409,SAGA SRL ,Patrimoniales y Vida
1193,CUIT,30713123303,ORGANIZACION RIPA SA ,Patrimoniales y Vida
1194,CUIT,30713257105,GOSALBEZ E HIJOS SRL ,Patrimoniales y Vida
1195,CUIT,33712536239,SRG UNIVERSAL BROKER S.A ,Patrimoniales y Vida
1196,CUIT,30712797904,TOTAL RISK SRL ,Patrimoniales y Vida
1197,CUIT,30713287608,UNION COMERCIAL AI SRL ,Patrimoniales y Vida
1198,CUIT,33712544789,RED PAR BROKER SA ,Patrimoniales y Vida
1199,CUIT,30712206280,ULTU SA ,Patrimoniales y Vida
1202,CUIT,30683252375,MERCOSUR CONSULTORES SRL ,Patrimoniales y Vida
1203,CUIT,33713293909,AMERISE RICHARD SERVICIOS SRL ,Patrimoniales y Vida
1205,CUIT,30714052817,ARDAMA 2020 SA ,Patrimoniales y Vida
1206,CUIT,30713813601,VIRTUAL RISK SA ,Patrimoniales y Vida
1207,CUIT,30714021830,MAZZEO Y ALTERLEIB SA ,Patrimoniales y Vida
1208,CUIT,30713771402,ZEN BROKERS SA ,Patrimoniales y Vida
1209,CUIT,30714011037,GRUPO GOMEZ URIA 3G SRL ,Patrimoniales y Vida
1210,CUIT,30712672605,HBO BROKER SOCIEDAD ANONIMA ,Patrimoniales y Vida
1211,CUIT,30714071102,ASE ADMINISTRADORES SA ,Patrimoniales y Vida
1212,CUIT,30714058386,GRUPO MERIDIEM SRL ,Patrimoniales y Vida
1213,CUIT,30714091758,EPS BROKER S.A. ,Patrimoniales y Vida
1215,CUIT,30714101281,MASTER BROKER S.A. ,Patrimoniales y Vida
1216,CUIT,30714122564,FURTHER SOLUTIONS S.A. ,Patrimoniales y Vida
1217,CUIT,30714016225,AVENALI & ASOCIADOS SA ,Patrimoniales y Vida
1218,CUIT,30714096318,S Y C BROKERS ASESORES DE SEGUROS S.A. ,Patrimoniales y Vida
1219,CUIT,30714046825,BUHO SOCIEDAD DE RESPONSABILIDAD LIMITADA ,Patrimoniales y Vida
1220,CUIT,30714123676,AIRES BROKERS SA ,Patrimoniales y Vida
1221,CUIT,30714133922,SUPRA BROKERS SA ,Patrimoniales y Vida
1222,CUIT,30714109002,GRUPO FIDUS BROKER DE ASESORES DE SEGUROS SA ,Patrimoniales y Vida
1223,CUIT,30712449353,GRUPO ASESOR VILLA MARIA SRL ,Patrimoniales y Vida
1224,CUIT,33714082189,CSCONSULTORES DE PRODUCTORES ASESORES DE SEGUROS ,Patrimoniales y Vida
1225,CUIT,30714158615,LA UNION ARG ASESORES Y PROD DE SEGUROS SA ,Patrimoniales y Vida
1226,CUIT,30714113077,BLED SERVICIOS DE PRODUCTORES ASESORES DE SEGUROS SRL ,Patrimoniales y Vida
1227,CUIT,30714204374,FX BROKER SA ,Patrimoniales y Vida
1228,CUIT,30714164615,ORGANIZACION COM SRL ,Patrimoniales y Vida
1229,CUIT,30714204498,MCR ASESORES SRL ,Patrimoniales y Vida
1230,CUIT,30714163333,HAMMERFEST SRL ,Patrimoniales y Vida
1231,CUIT,30714297402,ORGANIZACION MESOPOTAMICA ASESORAMIENTO Y SERVICIOS SA ,Patrimoniales y Vida
1232,CUIT,30714230227,JGD SRL ,Patrimoniales y Vida
1234,CUIT,33714249849,MASTRANGELO ASESORES DE SEGUROS SRL ,Patrimoniales y Vida
1235,CUIT,30714231991,PRODUCTORES ASESORES DE SEGUROS NOVECIENTOS ONCE SRL ,Patrimoniales y Vida
1236,CUIT,30710568770,ANSELMI ASESORES DE SEGUROS SA ,Patrimoniales y Vida
1237,CUIT,30714319414,LKS GROUP SRL ,Patrimoniales y Vida
1238,CUIT,30711574723,ORGANIZACION VILLA MARIA BROKER DE PRODUCTORES ASESORES DE SEGUROS SRL ,Articulo 19
1239,CUIT,30714124850,GRUPO ABYS SA ,Patrimoniales y Vida
1241,CUIT,30714297127,ZABALAS BLAUTZIK BARREIRO SRL ,Patrimoniales y Vida
1242,CUIT,30714355860,CYB  Y  ASOCIADOS ASESORES DE SEGUROS S.R.L. ,Patrimoniales y Vida
1243,CUIT,30714400157,MITRE BROKER ASESORES DE SEGUROS SA ,Patrimoniales y Vida
1245,CUIT,30714352675,ALBERT PRODUCTORES DE SEGUROS SA ,Patrimoniales y Vida
1246,CUIT,30714248258,ONCE ESTRELLAS BROKER SRL ,Patrimoniales y Vida
1247,CUIT,30714416665,BROKER DEL PUERTO SRL ,Patrimoniales y Vida
1248,CUIT,33714440069,ORGANIZACION GIAQUINTA ELIAS SRL ,Patrimoniales y Vida
1249,CUIT,30714230413,TRASCENDER PRODUCTORES ASESORES DE SEGUROS S.A. ,Patrimoniales y Vida
1250,CUIT,30710736231,S&C WHOLESALE DIVISION S.A. ,Patrimoniales y Vida
1251,CUIT,30714496308,AMK BROKERS S.R.L. ,Patrimoniales y Vida
1252,CUIT,30714125628,GRUPO SABELLI S.R.L. ,Patrimoniales y Vida
1254,CUIT,30714217387,MOLINARO BELLIN S.A. ,Patrimoniales y Vida
1255,CUIT,30714386928,CASTELLANOS & ASOCIADOS BROKER S.A. ,Patrimoniales y Vida
1256,CUIT,30714532347,APOL S.R.L. ,Patrimoniales y Vida
1257,CUIT,30713618809,SEGPA SA ,Patrimoniales y Vida
1258,CUIT,30714529613,ORGANIZACION ERNANDES S.R.L ,Patrimoniales y Vida
1259,CUIT,30714566845,LUDLOW S.A ,Patrimoniales y Vida
1260,CUIT,30714573388,HDIB S.A. ,Patrimoniales y Vida
1261,CUIT,30714478237,MELIOREM SA ,Patrimoniales y Vida
1262,CUIT,30714514306,BLF BROKER PRODUCTORES Y ASESORES DE SEGUROS S.R.L. ,Patrimoniales y Vida
1263,CUIT,30714504009,"ORGANIZACION P&H S.A, ",Articulo 19
1264,CUIT,30714587982,JOSE HERVIDA BROKER DE ASESORES DE SEGUROS SOCIEDAD ANONIMA ,Patrimoniales y Vida
1265,CUIT,30714541729,PRODUCTORES ASESORES DE SEGUROS SOBRE RUEDAS S.A. ,Patrimoniales y Vida
1266,CUIT,30712206256,R&R ABRATTE PRODUCTORES DE SEGUROS S.A. ,Patrimoniales y Vida
1267,CUIT,30714524573,BQB S.A. ,Patrimoniales y Vida
1268,CUIT,30710826303,A.U.GROUP LATINA S.A. ,Patrimoniales y Vida
1269,CUIT,30714630683,LH BROKER ASESORES DE SEGUROS S.A. ,Patrimoniales y Vida
1270,CUIT,30710330243,AWANKA S.R.L. ,Patrimoniales y Vida
1271,CUIT,30714650331,ORGANIZACION FELIU BADALO S.A. ,Patrimoniales y Vida
1272,CUIT,30714572438,MEDE ASESORES DE SEGUROS SA ,Patrimoniales y Vida
1273,CUIT,30714362875,QUALITY BROKERS S.R.L. ,Patrimoniales y Vida
1274,CUIT,30714653020,ORGANIZACION DE PRODUCTORES Y ASESORES DE SEGUROS ROCAR SRL ,Patrimoniales y Vida
1275,CUIT,30714678740,CYCLESEG S.R.L. ,Patrimoniales y Vida
1276,CUIT,30714653241,MARGENTI S.A. ,Patrimoniales y Vida
1277,CUIT,30552790606,EDUARDO RUESTA S.A. ,Patrimoniales y Vida
1278,CUIT,30714734853,GRUPO MAGON ASESORES DE SEGUROS S.R.L ,Patrimoniales y Vida
1279,CUIT,33714734739,CTC BROKERS SA ,Patrimoniales y Vida
1280,CUIT,33714565449,PVW BROKERS S R L  ,Patrimoniales y Vida
1281,CUIT,30710732945,BIENASEGURADO PRODUCTORES ASESORES DE SEGUROS S.A. ,Patrimoniales y Vida
1282,CUIT,30711935947,ARSA ADMINISTRADORA DE RIESGOS S.A. ,Patrimoniales y Vida
1283,CUIT,30714761230,RUMBO ASESORES DE SEGUROS S.R.L. ,Patrimoniales y Vida
1285,CUIT,30714771511,AGENCIA ADOLFO ROBLES S.A. ,Patrimoniales y Vida
1287,CUIT,30714809764,MACKINLAY S.A. ,Patrimoniales y Vida
1288,CUIT,30714681784,"SA MOUCO, COELHO Y ASOCIADOS S.R.L.  ",Patrimoniales y Vida
1289,CUIT,30714844306,ROVISEG S.A. ,Patrimoniales y Vida
1290,CUIT,30711958599,UP BROKERS S.R.L. ,Patrimoniales y Vida
1291,CUIT,30714947156,ACTIVOS GROUP SRL ,Patrimoniales y Vida
1292,CUIT,30714803677,MANFREDI Y ALCALDE SRL ,Patrimoniales y Vida
1293,CUIT,30714915955,MANCINI-UCHA SRL ,Patrimoniales y Vida
1294,CUIT,30714775231,ROHFE CONSULTORES DE RIESGOS S.A ,Patrimoniales y Vida
1295,CUIT,30714928682,DYM ASESORES DE SEGUROS SRL ,Patrimoniales y Vida
1296,CUIT,30714955515,SAN MARTIN PRODUCTORES ASESORES DE SEGUROS S.A. ,Patrimoniales y Vida
1297,CUIT,30714886556,LOS CERROS PRODUCTORES ASESORES DE SEGUROS S.A.  ,Patrimoniales y Vida
1298,CUIT,30714983659,S.F. PRODUCTORES DE SEGUROS Y SERVICIOS S.A. ,Patrimoniales y Vida
1299,CUIT,30715005138,OPTIMA ASESORES DE SEGUROS S.R.L. ,Patrimoniales y Vida
1300,CUIT,30715013564,SIMPLE GROUP S.R.L. ,Patrimoniales y Vida
1301,CUIT,30715009869,CAFENACANIS ST. S.A. ,Patrimoniales y Vida
1302,CUIT,30715012843,MAKELAAR S.A. ,Patrimoniales y Vida
1304,CUIT,30715009680,PICCOLINI ASESORES SRL ,Patrimoniales y Vida
1305,CUIT,30714991929,BA MANAGERS S.A. ,Patrimoniales y Vida
1306,CUIT,30714936812,ASPEN BROKER S.A. ,Patrimoniales y Vida
1307,CUIT,30715024981,P & T BROKERS ARGENTINA S.A. ,Patrimoniales y Vida
1308,CUIT,30714977950,CENTRALIA BROKERS S.A. ,Patrimoniales y Vida
1309,CUIT,30715046977,ROA ASESORES DE SEGUROS SOCIEDAD ANONIMA ,Patrimoniales y Vida
1310,CUIT,30714756016,CIS 1 S.R.L. ,Patrimoniales y Vida
1311,CUIT,30714950718,COMPARA Y AHORRA SRL ,Patrimoniales y Vida
1312,CUIT,30715049348,AZARA PRODUCTORES DE SEGUROS SRL ,Patrimoniales y Vida
1313,CUIT,30715082132,DEL LIBERTADOR PRODUCTORES ASESORES DE SEGUROS S.A. ,Patrimoniales y Vida
1314,CUIT,30715069179,JOINPAS SRL ,Patrimoniales y Vida
1315,CUIT,30715001949,ANTUNEZ-MARCHEGIANI S.R.L. ,Patrimoniales y Vida
1316,CUIT,30715026550,ORGANIZACIÓN GARCIA-MARIÑO SRL ,Patrimoniales y Vida
1317,CUIT,30715052594,GONNET M&P ,Patrimoniales y Vida
1319,CUIT,30715109596,"ADLERCREUTZ, GIROTTO Y ASOCIADOS S.R.L. ",Patrimoniales y Vida
1320,CUIT,30715087282,ORGANIZACION CENTRO PRODUCTOR ASESORES DE SEGUROS S.R.L. ,Patrimoniales y Vida
1321,CUIT,30715116371,GLOBAL AMERICAN BROKERS SA. ,Patrimoniales y Vida
1322,CUIT,30714076767,RMASD GROUP S.A. ,Patrimoniales y Vida
1323,CUIT,30712365575,MACHO SRL ,Patrimoniales y Vida
1324,CUIT,30715122290,GRUPO DE ASESORES EN COBERTURA SOCIEDAD ANONIMA ,Patrimoniales y Vida
1325,CUIT,30715138308,HORIANSKI BROKER S.R.L. ,Patrimoniales y Vida
1326,CUIT,30715150316,GRUPO OTE S.R.L. ,Patrimoniales y Vida
1327,CUIT,30710940564,RM ORGANIZACION DE PRODUCTORES DE SEGUROS S.A. ,Patrimoniales y Vida
1328,CUIT,30715161016,ASESORES EN LINEA SRL ,Patrimoniales y Vida
1329,CUIT,30707136363,GBS ARGENTINA S.A. ,Patrimoniales y Vida
1330,CUIT,30714919721,SMILE BROKER S.A. ,Patrimoniales y Vida
1331,CUIT,30715135090,COLLINS S.A. ,Patrimoniales y Vida
1332,CUIT,30715171496,EL FARO BROKER DE ASESORES DE SEGUROS S.R.L. ,Patrimoniales y Vida
1333,CUIT,30715197754,CONACTIO S.R.L. ,Patrimoniales y Vida
1334,CUIT,30715189204,GRUPO MARSANT ASESORES EN SEGUROS S.A. ,Patrimoniales y Vida
1335,CUIT,30715218441,TORINO BROKERS S.A. ,Patrimoniales y Vida
1336,CUIT,30710769873,COMPARAENCASA S.A. ,Patrimoniales y Vida
1337,CUIT,30711737622,DCP CONSULTING S.R.L. ,Patrimoniales y Vida
1338,CUIT,30715193910,PUNTO ASESOR S.A. ,Patrimoniales y Vida
1339,CUIT,30715217445,AMOUNT ASESORES DE SEGUROS S.R.L. ,Patrimoniales y Vida
1340,CUIT,30715173170,NONTHUE BROKER ASESORES DE SEGUROS SA. ,Patrimoniales y Vida
1341,CUIT,30715163507,EXPRESS ORGANIZACION DE PRODUCTORES DE SEGUROS S.R.L. ,Patrimoniales y Vida
1342,CUIT,30715101714,ARGENTINA CROSSING ASESORES DE SEGUROS S.R.L ,Patrimoniales y Vida
1343,CUIT,30715167103,RUBEN P. AMBROGETTI Y ASOCIADOS PRODUCTORES Y ASESORES DE SEGUROS S.R.L. ,Patrimoniales y Vida
1344,CUIT,33715211969,ISG ADMINISTRADORES DE RIESGO S.R.L. ,Patrimoniales y Vida
1345,CUIT,33715057129,MICHELI GANDOLFI Y ASOCIADOS S.A. ,Patrimoniales y Vida
1346,CUIT,30715215469,MGP BROKER S.A. ,Patrimoniales y Vida
1347,CUIT,30711737312,ORGANIZACION CUYANA BROKER ASESORAMIENTO Y SERVICIOS S.A. ,Patrimoniales y Vida
1348,CUIT,30715285963,PCA ASESORES DE SEGUROS ,Patrimoniales y Vida
1349,CUIT,30715322079,IN BROKER S.R.L ,Patrimoniales y Vida
1350,CUIT,30713684100,BROKER PACK PRODUCTORES DE SEGUROS S.A. ,Patrimoniales y Vida
1351,CUIT,30715319396,PROASESOR S.R.L. ,Patrimoniales y Vida
1352,CUIT,30715358901,DAG BROKERS SOCIEDAD DE RESPONSABILIDAD LIMITADA ,Patrimoniales y Vida
1353,CUIT,30715316281,AB CONSULTORIA S.A. ,Patrimoniales y Vida
1354,CUIT,30715316656,MARIANO LARRETEGUY Y ASOCIADOS S.R.L. ,Patrimoniales y Vida
1355,CUIT,30715341618,MAX SOLUCIONES PATRIMONIALES S.R.L. ,Patrimoniales y Vida
1356,CUIT,30715297341,CAVALLERO PRODUCTORES ASESORES DE SEGUROS ,Patrimoniales y Vida
1357,CUIT,30715283375,BUYINS S.A. ,Patrimoniales y Vida
1358,CUIT,30715376780,CGL ASESORES DE SEGUROS S.R.L. ,Patrimoniales y Vida
1359,CUIT,30715324659,DDN BARILOCHE S.A. ,Patrimoniales y Vida
1360,CUIT,30709040398,GRUPO MERITO SA ,Patrimoniales y Vida
1361,CUIT,30715380567,SENS GROUP SRL ,Patrimoniales y Vida
1362,CUIT,33715395709,FFH ASESORES DE SEGUROS S.R.L. ,Patrimoniales y Vida
1363,CUIT,30715368826,BRICK BROKERS S.R.L. ,Patrimoniales y Vida
1364,CUIT,33715411739,ORGANIZACION IVIGLIA S.R.L. ,Patrimoniales y Vida
1365,CUIT,30715364332,CRV BROKER S.R.L. ,Patrimoniales y Vida
1366,CUIT,30715340441,AR BROKERS PRODUCTORES ASESORES DE SEGUROS S.A. ,Patrimoniales y Vida
1367,CUIT,30715371843,ANGIONE ASESORES & PRODUCTORES DE SEGUROS S.R.L. ,Patrimoniales y Vida
1368,CUIT,30715456369,IPSUM S.R.L. ,Patrimoniales y Vida
1369,CUIT,30715364766,ORGANIZACION SAPOZNICOFF S.R.L. ,Patrimoniales y Vida
1370,CUIT,30715436333,LOVELLI - ROULET S.R.L. ,Patrimoniales y Vida
1371,CUIT,30715434799,SALTA P.A.S. S.R.L. ,Patrimoniales y Vida
1372,CUIT,30715445790,SGS SOLUCIONES S.A. ,Patrimoniales y Vida
1373,CUIT,30715484656,MASTRANGELO MOLINA ASESORES DE SEGUROS S.R.L. ,Patrimoniales y Vida
1374,CUIT,30715442902,LIBERTADOR SS S.A. ,Patrimoniales y Vida
1375,CUIT,30715440179,SOLUCIONES EN RIESGOS S.A. ,Patrimoniales y Vida
1376,CUIT,30715423681,BBVA BROKER S.A. ,Patrimoniales y Vida
1377,CUIT,30715362747,VOLKSWAGEN BROKERS ARGENTINA S.A. ,Patrimoniales y Vida
1378,CUIT,30709570818,ARKHUE ASESORES DE SEGUROS S.A. ,Patrimoniales y Vida
1379,CUIT,30715472879,SANTOS FARACE Y ASOC S.A. ,Patrimoniales y Vida
1380,CUIT,30715476475,DLP CONSULTORA S.A. ,Patrimoniales y Vida
1381,CUIT,30715470612,A-Z INTEGRADOS S.R.L. ,Patrimoniales y Vida
1382,CUIT,30715486438,ORGANIZACION ALMAR S.R.L. ,Patrimoniales y Vida
1383,CUIT,30715425056,GIORGIO Y ASOC. BROKER DE PRODUCTORES DE SEGUROS S.R.L. ,Patrimoniales y Vida
1384,CUIT,33715505989,RISKMEDIA LATINOAMERICA S.A. ,Patrimoniales y Vida
1385,CUIT,30715463020,BERTOLACCINI S.A. ,Patrimoniales y Vida
1386,CUIT,30715524445,ACONCAGUA BROKER S.A. ,Patrimoniales y Vida
1387,CUIT,30715517678,GERARDO Y ESTEBAN VICENTE S.R.L. ,Patrimoniales y Vida
1388,CUIT,30715538616,MASPOCH-RODRIGUEZ PRODUCTORES ASESORES DE SEGUROS S.R.L. ,Patrimoniales y Vida
1389,CUIT,30714381004,REAL PLANNING SA ,Patrimoniales y Vida
1390,CUIT,33715553789,ASESORES DE SEGUROS DEL NORTE S.A. ,Patrimoniales y Vida
1391,CUIT,30715086308,ORGANIZACION MEIDEN S.R.L. ,Patrimoniales y Vida
1392,CUIT,30715556630,HSC PRODUCTORES ASESORES DE SEGUROS S.R.L. ,Patrimoniales y Vida
1393,CUIT,30715557602,CBI SOCIEDAD DE PRODUCTORES ASESORES DE SEGUROS S.A. ,Patrimoniales y Vida
1394,CUIT,30715595067,SEGYTEC S.A. ,Patrimoniales y Vida
1395,CUIT,30714353868,BROKERS AND INVESTORS S.A. ,Patrimoniales y Vida
1396,CUIT,30715330543,CASEY & CASEY S.R.L. ,Patrimoniales y Vida
1397,CUIT,30715515462,CUYO BROKER S.A. ,Patrimoniales y Vida
1398,CUIT,30715621165,CONDE PRODUCTORES ASESORES DE SEGUROS S.A. ,Patrimoniales y Vida
1399,CUIT,30715373811,"NERINA NATALIA MASAT, GERARDO LUIS PRINCIPE, LUIS ALBERTO ANTONIO BONAFEDE Y ANDRES MARCELO WILLINER SOCIEDAD COLECTIVA ",Articulo 19
1400,CUIT,30715635972,NC ASESORES DE SEGUROS S.A. ,Patrimoniales y Vida
1401,CUIT,30715664204,GRUPO CONTI DESARROLLO COMERCIAL CIAS METRO S.R.L. ,Patrimoniales y Vida
1402,CUIT,30715597183,GRUPO NUEVOS AIRES S.A. ,Patrimoniales y Vida
1403,CUIT,30715544829,CAYETANO ASTIGUETA S.R.L. ,Patrimoniales y Vida
1404,CUIT,30715274945,MARIGLIANO & PAYROLA S.R.L. ,Patrimoniales y Vida
1405,CUIT,30715549359,VARESE BROKERS S.R.L. ,Patrimoniales y Vida
1406,CUIT,30715637290,CBA BROKERS S.R.L. ,Patrimoniales y Vida
1407,CUIT,30715594699,ALPHA SOCIEDAD DE PRODUCTORES ASESORES DE SEGUROS S.A. ,Patrimoniales y Vida
1408,CUIT,30715607111,ASESOR INTEGRAL S.R.L. ,Patrimoniales y Vida
1409,CUIT,30715611518,BROKER DEL PLATA PRODUCTORES ASESORES DE SEGUROS S.A. ,Patrimoniales y Vida
1410,CUIT,30715566873,ZAMA BROKER DE PRODUCTORES ASESORES DE SEGUROS S.R.L. ,Patrimoniales y Vida
1411,CUIT,30715269496,FRANCISCO MANSILLA Y CIA SOCIEDAD COLECTIVA ,Patrimoniales y Vida
1412,CUIT,30715283235,JORGE LOINAZ S.A. ,Patrimoniales y Vida
1413,CUIT,30715556525,CARRILLO 1858 S.R.L ,Patrimoniales y Vida
1414,CUIT,30714753866,DIAZ DIEBEL S.R.L. ,Patrimoniales y Vida
1415,CUIT,30715591177,NORDKAPP S.A. ,Patrimoniales y Vida
1416,CUIT,30715619039,UTURUNCOS S.A. ,Patrimoniales y Vida
1417,CUIT,30715136453,TS TITANIUM S.A. ,Patrimoniales y Vida
1418,CUIT,30715399004,SEGENAR S.A. ,Patrimoniales y Vida
1419,CUIT,30715598074,GRUPO MBR S.A. ,Patrimoniales y Vida
1420,CUIT,30715702114,SAN TELMO BROKER S.A. ,Patrimoniales y Vida
1421,CUIT,33715510699,GRUPO CARREIRA S.A. ,Patrimoniales y Vida
1422,CUIT,30711261504,ORGANIZACION UNO S.R.L. ,Patrimoniales y Vida
1423,CUIT,30715332910,BFV S.R.L. ,Patrimoniales y Vida
1424,CUIT,30715784862,CIO ARGENTINA BROKERS S.A. ,Patrimoniales y Vida
1425,CUIT,33715753729,SAN ISIDRO BROKER S.R.L. ,Patrimoniales y Vida
1426,CUIT,30715766155,GUD BROKER DE SEGUROS S.R.L. ,Patrimoniales y Vida
1427,CUIT,30714388599,NORTH GROUP PRODUCTORES ASESORES DE SEGUROS S.A. ,Patrimoniales y Vida
1428,CUIT,30715763504,ELIA AND PARTNERS S.A. ,Patrimoniales y Vida
1429,CUIT,30715749838,PSCB S.R.L. ,Patrimoniales y Vida
1430,CUIT,30715810561,PROMELARGE S.R.L. ,Patrimoniales y Vida
1431,CUIT,30715741594,ADVISORS GROUP S.R.L. ,Patrimoniales y Vida
1432,CUIT,30715479903,AICARDI BROKER S.R.L. ,Patrimoniales y Vida
1433,CUIT,33715896589,CYC ASESORES DE SEGUROS S.A. ,Patrimoniales y Vida
1434,CUIT,30715757253,M & G BROKER S.R.L. ,Patrimoniales y Vida
1435,CUIT,30715742183,TRES DE UN PAR PERFECTO S.A. ,Patrimoniales y Vida
1436,CUIT,30708904259,BDS S.R.L. ASESORES DE SEGUROS ,Patrimoniales y Vida
1437,CUIT,30715860593,MISIONES MAKLER SOCIEDAD ANONIMA ,Patrimoniales y Vida
1438,CUIT,30715804049,GUADALUPE BROKER S.R.L. ,Patrimoniales y Vida
1439,CUIT,30715562584,CSP ASESORES EN SEGUROS S.A. ,Patrimoniales y Vida
1440,CUIT,30715865803,FITO Y ASOCIADOS S.A. ,Patrimoniales y Vida
1441,CUIT,33715723579,CASTRO BROKERS DE SEGUROS SRL ,Patrimoniales y Vida
1443,CUIT,30715879855,NUEVO CHACO BROKER DE SEGUROS S.A. ,Patrimoniales y Vida
1444,CUIT,30715935631,TAXSEG SOCIEDAD DE PRODUCTORES ASESORES DE SEGUROS S.R.L. ,Patrimoniales y Vida
1445,CUIT,30715903691,JOHN PELLEGRINI MANAGEMENT GROUP S.R.L. ,Patrimoniales y Vida
1446,CUIT,30715989383,FOTA PRODUCTORES ASESORES DE SEGUROS SOCIEDAD DE RESPONSABILIDAD LIMITADA ,Patrimoniales y Vida
1447,CUIT,30715900439,PRAVISANI S.A. ,Patrimoniales y Vida
1448,CUIT,30715808206,POBLETEMONTENEGRO ASESORES DE SEGUROS S.R.L. ,Patrimoniales y Vida
1449,CUIT,30716031256,MOSCARDINI Y GATICA BROKER S.A. ,Patrimoniales y Vida
1450,CUIT,30715542702,GRUPO SIERRA ASESORES DE SEGUROS S.R.L. ,Patrimoniales y Vida
1451,CUIT,30715491466,ROSENTAL PRODUCTORES ASESORES DE SEGUROS S.A. ,Patrimoniales y Vida
1452,CUIT,30715951971,SOTO GRUPO ASESOR S.R.L. ,Patrimoniales y Vida
1453,CUIT,30715991728,GRUPO PORCEL ASESORES DE SEGUROS S.R.L. ,Patrimoniales y Vida
1454,CUIT,30715935550,CHANES DAFA Y ASOCIADOS S.R.L. ,Patrimoniales y Vida
1455,CUIT,30715984608,BROKERS ANDINOS SOCIEDAD DE RESPONSABILIDAD LIMITADA ,Patrimoniales y Vida
1456,CUIT,30715968122,BEDIFFER S.R.L. ,Patrimoniales y Vida
1457,CUIT,30715979760,CETW BROKERS S.A. ,Patrimoniales y Vida
1458,CUIT,30715903411,MR BROKERS S.A. ,Patrimoniales y Vida
1459,CUIT,30716100215,ATTITUDE ADMINISTRADORES DE RIESGO S.R.L. ,Patrimoniales y Vida
1460,CUIT,30716104644,ALONSO & BERNARDI SRL ,Patrimoniales y Vida
1461,CUIT,30716111578,UVANILLA S.A. ,Patrimoniales y Vida
1462,CUIT,30716106612,DESARROLLO COMERCIAL DE CARTERAS S.A.S. ,Patrimoniales y Vida
1463,CUIT,30716111535,TOYOTA BROKER DE SEGUROS ARGENTINA S.A. (PRODUCTORES ASESORES) ,Patrimoniales y Vida
1464,CUIT,30715127055,US BANFIELD S.R.L. ,Patrimoniales y Vida
1465,CUIT,30715315536,ALISIARDI & ASOCIADOS SOCIEDAD ANONIMA ,Patrimoniales y Vida
1466,CUIT,30716072920,BAIRES BROKER S.A. ,Patrimoniales y Vida
1467,CUIT,30716111675,NAVE MOTORS ASESORES DE SEGUROS S.A. ,Patrimoniales y Vida
1468,CUIT,30716152886,GG&G BROKERS ASESORES DE SEGUROS S.R.L. ,Patrimoniales y Vida
1469,CUIT,30716110156,CENTRO ATENCION PAS S.R.L. ,Patrimoniales y Vida
1470,CUIT,30715922688,SYNDROME S.R.L. ,Patrimoniales y Vida
1471,CUIT,30716123290,CAVICCHIA PRODUCTORES ASESORES DE SEGUROS S.R.L.  ,Patrimoniales y Vida
1472,CUIT,30716079224,ORGANIZACION CORTES S.R.L. ,Patrimoniales y Vida
1474,CUIT,30716002388,SELF SERVICE ARGENTINA ASESORES DE SEGUROS S.R.L. ,Patrimoniales y Vida
1476,CUIT,30716228629,MAGBROKER S.R.L. ,Patrimoniales y Vida
1477,CUIT,30715979396,SEGU LEY S.R.L. ,Patrimoniales y Vida
1478,CUIT,30716244853,MIGHTY BROKER S.R.L. ,Patrimoniales y Vida
1479,CUIT,30716241706,BAF ASESORES DE SEGUROS S.A. ,Patrimoniales y Vida
1480,CUIT,30716211343,SUMMA S.A. ,Patrimoniales y Vida
1481,CUIT,33716215879,OASE S.A. ,Patrimoniales y Vida
1482,CUIT,33716166029,GRUPO CARENA S.A.S ,Patrimoniales y Vida
1483,CUIT,30716164388,OPTIMA PRODUCTORES ASESORES DE SEGUROS S.A. ,Patrimoniales y Vida
1484,CUIT,30715651781,SINERGIA BROKER DE ASESORES DE SEGUROS S.R.L. ,Patrimoniales y Vida
1485,CUIT,30715927809,CERIONI PRODUCTORES ASESORES DE SEGUROS S.A. ,Patrimoniales y Vida
1486,CUIT,30716158957,AGRUPAS S.R.L. ,Patrimoniales y Vida
1487,CUIT,30716203510,PARIS BROKER DE SEGUROS S.A. ,Patrimoniales y Vida
1488,CUIT,30716230917,ELEGIR AR S.A.S. ,Patrimoniales y Vida
1489,CUIT,30716250152,INSUROND S.A.S ,Patrimoniales y Vida
1490,CUIT,30715969846,ORGANIZACION F&C S.R.L. ,Patrimoniales y Vida
1491,CUIT,33716192259,BANCALARY GROUP & ASOCIADOS S.R.L. ,Patrimoniales y Vida
1492,CUIT,30716199440,FERRERO VERSINO S.R.L. ,Patrimoniales y Vida
1493,CUIT,30716152746,A2 SOCIEDAD DE PRODUCTORES ASESORES DE SEGUROS S.A. ,Patrimoniales y Vida
1494,CUIT,30716031299,MULTISEGRUP S.R.L. ,Patrimoniales y Vida
1495,CUIT,30716225166,TEN BROKING PRODUCTORES ASESORES DE SEGUROS S.R.L. ,Patrimoniales y Vida
1496,CUIT,30716309629,AG360 PRODUCTORES ASESORES DE SEGUROS S.A.S. ,Patrimoniales y Vida
1497,CUIT,30716081008,SEGUREN S.A. ,Patrimoniales y Vida
1498,CUIT,30716218194,SICUREZZA BROKERS S.R.L. ,Patrimoniales y Vida
1499,CUIT,30716029782,IB BROKER INSURANCE S.A. ,Patrimoniales y Vida
1500,CUIT,30716394626,TECNICA Y SERVICIOS EN GESTION DE RIESGOS S.R.L. ,Patrimoniales y Vida
1501,CUIT,30716302799,MD SOCIEDAD DE PRODUCTORES DE SEGUROS S.R.L. ,Patrimoniales y Vida
1502,CUIT,33715857699,CP BROKER S.R.L. ,Patrimoniales y Vida
1503,CUIT,30716260905,GDLF PRODUCTORES ASESORES DE SEGUROS S.A. ,Patrimoniales y Vida
1504,CUIT,30710563310,DE COMPRAS ASESORES DE SEGUROS S.A. ,Patrimoniales y Vida
1505,CUIT,30716150727,GRUPO SCOPPA ASESORES DE SEGUROS S.A.S. ,Patrimoniales y Vida
1506,CUIT,30716357313,BOERI PIZARRO & ASOCIADOS PRODUCTORES ASESORES DE SEGUROS S.R.L. ,Patrimoniales y Vida
1507,CUIT,30716451840,PEVASC S.R.L. ,Patrimoniales y Vida
1508,CUIT,30716382946,MERCEDES-BENZ BROKER ARGENTINA S.A. ,Patrimoniales y Vida
1509,CUIT,30716411091,OFICINA SAN LORENZO SERVICIOS DE PRODUCTORES ASESORES DE SEGUROS S.R.L. ,Patrimoniales y Vida
1510,CUIT,33716458909,AYRAS ASESORES DE SEGUROS S.A. ,Patrimoniales y Vida
1512,CUIT,30716167611,CAM ASESORES DE SEGUROS S.A.S ,Patrimoniales y Vida
1513,CUIT,30716330407,KISHIMA BROKER DE SEGUROS S.R.L. ,Patrimoniales y Vida
1514,CUIT,30715962205,PRODUCTORES Y ASESORES ROSSISEG S.R.L. ,Patrimoniales y Vida
1515,CUIT,30715819631,WECOVER S.A.S. ,Patrimoniales y Vida
1516,CUIT,30716076756,QUALIS PRODUCTORES ASESORES DE SEGUROS S.A. ,Patrimoniales y Vida
1517,CUIT,30716348128,SUPERVIELLE PRODUCTORES ASESORES DE SEGUROS S.A. ,Patrimoniales y Vida
1518,CUIT,30716472929,GRUPO DARWIN PRODUCTORES ASESORES DE SEGUROS S.R.L. ,Patrimoniales y Vida
1519,CUIT,30716133598,ORGANIZACION  JRM S.R.L. ,Patrimoniales y Vida
1520,CUIT,30716533413,M BROKERS S.A. ,Patrimoniales y Vida
1521,CUIT,30715950932,"LASALANDRA, QUINTEROS Y ASOCIADOS S.A.S. ",Patrimoniales y Vida
1522,CUIT,30707809317,LOYALTY SECURED S.A. ,Patrimoniales y Vida
1523,CUIT,30716290030,B&D BROKER DE SEGUROS S.R.L. ,Patrimoniales y Vida
1524,CUIT,30716112019,F.P.R. ASESORES S.R.L. ,Patrimoniales y Vida
1525,CUIT,30716454084,BCP BROKERS DE ASESORES Y PRODUCTORES DE SEGUROS S.A. ,Patrimoniales y Vida
1526,CUIT,30716057581,JCT BROKERS DE SEGUROS SRL ,Patrimoniales y Vida
1527,CUIT,30716472732,C & T BROKERS S.R.L. ,Patrimoniales y Vida
1528,CUIT,30716494299,DIGITALSEG S.A. ,Patrimoniales y Vida
1529,CUIT,33716388269,ALA BROKERS SRL ,Patrimoniales y Vida
1530,CUIT,30716559110,AB ASESORES DE SEGUROS S.A. ,Patrimoniales y Vida
1531,CUIT,30716085364,RB & ASOCIADOS S.A.S. ,Patrimoniales y Vida
1532,CUIT,30716612437,MARTINEZ EGEA BROKERS DE SEGUROS SRL ,Patrimoniales y Vida
1533,CUIT,30716190559,GRUPO MATTHEWS PRODUCTORES ASESORES DE SEGUROS S.A.S. ,Patrimoniales y Vida
1534,CUIT,30716631105,WOW DIGITAL BROKERING S.A. ,Patrimoniales y Vida
1535,CUIT,30715469037,SMART GROUP S.R.L. ,Patrimoniales y Vida
1536,CUIT,30716220520,CONSULTORA DEL ESTE S.A.S. ,Patrimoniales y Vida
1537,CUIT,30716583410,MASSEG BROKER PRODUCTORES DE SEGUROS S.A. ,Patrimoniales y Vida
1538,CUIT,30716124947,FRAIRE & DE BENEDETTO - BROKER DE SEGUROS S.A. ,Patrimoniales y Vida
1539,CUIT,30716482789,GRUPO BLURANS S.R.L. ,Patrimoniales y Vida
1540,CUIT,30716559129,A BKR ASESORES DE SEGUROS S.A. ,Patrimoniales y Vida
1541,CUIT,30716639203,GREEN UMBRELLA BROKER S.A. ,Patrimoniales y Vida
1542,CUIT,30716607727,ORGANIZACION LUDUEÑA BERNASCONI S.R.L. ,Patrimoniales y Vida
1543,CUIT,30716619326,DI RAIMONDO BROKERS ASESORES EN SEGUROS S.R.L. ,Patrimoniales y Vida
1544,CUIT,30716622858,GAP BROKER S.R.L. ,Patrimoniales y Vida
1545,CUIT,30716667991,ORANGE ASESORES DE SEGUROS S.A. ,Patrimoniales y Vida
1546,CUIT,30716653281,JAZHAL & TESSI PRODUCTORES ASESORES DE SEGUROS S.A. ,Patrimoniales y Vida
1547,CUIT,30716664666,CENTRO PRODUCTORES S.A. ,Patrimoniales y Vida
1548,CUIT,30716528894,VISION BROKER S.A. ,Patrimoniales y Vida
1549,CUIT,30716010895,CEIBAL ASESORES DE SEGUROS S.A. ,Patrimoniales y Vida
1550,CUIT,30716449994,SEQUEIRA BROKER & ASOC. S.A.S. ,Patrimoniales y Vida
1551,CUIT,30716472341,O.L. BROKER S.A.S. ,Patrimoniales y Vida
1552,CUIT,30716692414,PREMIER RISK ADVISORS S.A. ,Patrimoniales y Vida
1554,CUIT,30716557053,CASIVA Y CIA. S.A.S. ,Patrimoniales y Vida
1555,CUIT,30715723812,INSO Q S.R.L. ,Patrimoniales y Vida
1556,CUIT,30716682974,FORTE PRODUCTORES DE SEGUROS S.A.S. ,Patrimoniales y Vida
1557,CUIT,33716668059,MAGNA SERVICIOS DE PRODUCTORES ASESORES DE SEGUROS S.R.L. ,Patrimoniales y Vida
1558,CUIT,30716347393,MILLENIUM DIGITAL GROUP S.A.S ,Patrimoniales y Vida
1559,CUIT,30716714000,QUICK PRODUCTORES DE SEGUROS S.R.L. ,Patrimoniales y Vida
1560,CUIT,30716730413,IBL BROKER SOCIEDAD POR ACCIONES SIMPLIFICADA ,Patrimoniales y Vida
1561,CUIT,30716772418,AVANZAR PRODUCTORES ASESORES DE SEGUROS S.A. ,Patrimoniales y Vida
1562,CUIT,30716689324,SG GROUP BROKER DE SEGUROS S.R.L. ,Patrimoniales y Vida
1563,CUIT,30716751852,MAGAMOCHE SOCIEDAD DE RESPONSABILIDAD LIMITADA ,Patrimoniales y Vida
1564,CUIT,30716491605,COMERCIALIZADORA ARGENTINA DE SERVICIOS PRODUCTORES ASESORES DE SEGUROS SRL ,Patrimoniales y Vida
1565,CUIT,33716415169,XTREME RU S.R.L. ,Patrimoniales y Vida
1566,CUIT,30716269430,GERLOFF Y ASOCIADOS S.R.L. ,Articulo 19
1567,CUIT,30716603152,EMPARA ASESORES S.A.S. ,Patrimoniales y Vida
1568,CUIT,30716784858,PASAP S.A. ,Patrimoniales y Vida
1569,CUIT,30716835266,GRUPO RIO CUARTO ASESORES DE SEGUROS S.A.S. ,Patrimoniales y Vida
1570,CUIT,30716587025,CUIDAR-C SOCIEDAD ANONIMA UNIPERSONAL ,Patrimoniales y Vida
1571,CUIT,30716593939,CARLOS ALFREDO CASAS Y ASOCIADOS S.R.L. ,Patrimoniales y Vida
1572,CUIT,30716760282,GS ASESORES S.A.S. ,Patrimoniales y Vida
1573,CUIT,30716525070,HIJOS DE FASSIONE OSMAR S.R.L. ,Patrimoniales y Vida
1574,CUIT,30716731967,ASEGURALO PRODUCTORES ASESORES DE SEGUROS S.A. ,Patrimoniales y Vida
1575,CUIT,30716743639,LEYROD BROKERS S.R.L. ,Patrimoniales y Vida
1576,CUIT,30716867761,N&C ASESORES DE SEGUROS S.R.L. ,Patrimoniales y Vida
1577,CUIT,30716836149,PROTECT AND GUARANTEE S.A.S ,Patrimoniales y Vida
1578,CUIT,30716665476,FERNANDEZ & OLIVER SOCIEDAD DE PRODUCTORES DE SEGUROS S.R.L. ,Patrimoniales y Vida
1579,CUIT,33716863129,UNIS ASESORES DE RIESGOS S.A. ,Patrimoniales y Vida
1580,CUIT,30716822504,MEC LINKER BROKER DE ARGENTINA S.R.L. ,Patrimoniales y Vida
1581,CUIT,30714686360,PREMEL S.R.L. ,Patrimoniales y Vida
1582,CUIT,33716878029,UNIPAS BROKER SOCIEDAD ANONIMA ,Patrimoniales y Vida
1583,CUIT,30716631881,ZONA BROKER SRL ,Patrimoniales y Vida
1584,CUIT,30716844125,VAAS BROKER S.A. ,Patrimoniales y Vida
1585,CUIT,30716899922,QUORE ARGENTINA BROKER DE SEGUROS S.R.L. ,Patrimoniales y Vida
1586,CUIT,30716929139,ASESORAMIENTO EN RIESGOS S.A.U. ,Patrimoniales y Vida
1587,CUIT,30716556995,LEVELAR S.A. ,Patrimoniales y Vida
1588,CUIT,30716637146,NAHUEL REYES Y CIA SOCIEDAD DE RESPONSABILIDAD LIMITADA ,Patrimoniales y Vida
1589,CUIT,30716869217,SEQUIRO S.A. ,Patrimoniales y Vida
1590,CUIT,30716933136,GRUPO FIRENZE MDQ S.A.S ,Patrimoniales y Vida
1591,CUIT,30716940698,BROKERS AND CARS S.A. ,Patrimoniales y Vida
1592,CUIT,30716853787,LAE PRODUCTORES Y ASESORES S.A.S ,Patrimoniales y Vida
1593,CUIT,30716960745,ALIATE S.A.S. ,Patrimoniales y Vida
1594,CUIT,30717019918,VEINTISIETECUARENTA S.A. ,Patrimoniales y Vida
1595,CUIT,30715891162,GARRIDO LOMBARDO S.R.L. ,Patrimoniales y Vida
1596,CUIT,30716899159,MIELNIK SAWA PRODUCTORES ASESORES DE SEGUROS S.A. ,Patrimoniales y Vida
1597,CUIT,30716878623,365 BROKER S.R.L. ,Patrimoniales y Vida
1598,CUIT,30717054268,ORGANIZACION BIGATTON S.A. ,Patrimoniales y Vida
1599,CUIT,30717060128,DSSGROUP ASESORES EN SEGUROS S.A. ,Patrimoniales y Vida
1600,CUIT,30716645327,HY BROKER DE SEGUROS S.A.S. ,Patrimoniales y Vida
1601,CUIT,30715616072,GRUPO ABRA CONSULTORES DE RIESGOS S.R.L. ,Patrimoniales y Vida
1602,CUIT,30716948052,ASEGURA AHORA BROKER S.A. ,Patrimoniales y Vida
1603,CUIT,30716868229,RS ASESORES EN SEGUROS S.R.L. ,Patrimoniales y Vida
1604,CUIT,30716764695,NASISI & VEREA SOCIEDAD DE RESPONSABILIDAD LIMITADA ,Patrimoniales y Vida
1605,CUIT,30716946351,AFFINITY BROKER S.A. ,Patrimoniales y Vida
1606,CUIT,30717034712,SOLINS S.R.L. ,Patrimoniales y Vida
1607,CUIT,30716654911,MURAD MOLINA S.R.L. ,Patrimoniales y Vida
1608,CUIT,30716950804,ASESORES DE SEGUROS ALONSO S.A.S. ,Patrimoniales y Vida
1609,CUIT,30716851059,SGA PRODUCTORES ASESORES DE SEGUROS S.A.S. ,Patrimoniales y Vida
1610,CUIT,30716646196,MARISA ROMAN BROKERS S.A. ,Patrimoniales y Vida
1611,CUIT,30717098311,IDEA PREMIUM BROKER S.A. ,Patrimoniales y Vida
1612,CUIT,30716943107,NOVO ASESORES S.A. ,Patrimoniales y Vida
1613,CUIT,30717005453,OPEN BROKER S.A. ,Patrimoniales y Vida
1614,CUIT,30716855887,OPTTA S.A. ,Patrimoniales y Vida
1615,CUIT,30717138437,BULLETBABA S.R.L. ,Patrimoniales y Vida
1616,CUIT,30716877449,CONNECT BROKER S.A. ,Patrimoniales y Vida
1617,CUIT,30716337975,AYRES SERVICIOS DE PRODUCTORES ASESORES DE SEGUROS S.R.L. ,Patrimoniales y Vida
1618,CUIT,33716656999,PUNTCOM S.A. ,Patrimoniales y Vida
1619,CUIT,30716305070,RT PRODUCTORES S.A.S. ,Patrimoniales y Vida
1620,CUIT,30717053652,M&K PRODUCTORES DE SEGUROS S.A.S ,Patrimoniales y Vida
1621,CUIT,30716796104,SOMOSPAS SOCIEDAD DE PRODUCTORES ASESORES DE SEGUROS S.A. ,Patrimoniales y Vida
1622,CUIT,30717263444,AGUSTIN PEREYRA SOCIEDAD DE PRODUCTORES ASESORES DE SEGUROS SRL ,Patrimoniales y Vida
1623,CUIT,30716885689,SAN IGNACIO SOCIEDAD DE PRODUCTORES ASESORES DE SEGUROS S.A. ,Patrimoniales y Vida
1624,CUIT,30717051900,KUNE SOCIEDAD DE PRODUCTORES ASESORES DE SEGUROS S.A.S. ,Patrimoniales y Vida
1625,CUIT,30717154610,VALSEL SOCIEDAD DE PRODUCTORES ASESORES DE SEGUROS S.R.L. ,Patrimoniales y Vida
1626,CUIT,30717075842,ORGANIZACION ROBLE S.R.L. ,Patrimoniales y Vida
1627,CUIT,30717189503,GUARDIA E HIJOS SOCIEDAD DE PRODUCTORES ASESORES DE SEGUROS SRL ,Patrimoniales y Vida
1628,CUIT,33717099449,SOCIEDAD DE PRODUCTORES ASESORES DE SEGUROS ARCE S.R.L. ,Patrimoniales y Vida
1629,CUIT,30717160424,HERRERO SOCIEDAD DE PRODUCTORES ASESORES DE SEGUROS S.A.S. ,Patrimoniales y Vida
1630,CUIT,30717087735,POLKO SOCIEDAD DE PRODUCTORES ASESORES DE SEGUROS S.A.S. ,Patrimoniales y Vida
1631,CUIT,30717022528,PRODUCTORES ASESORES DE SEGUROS BAMBOO S.A. ,Patrimoniales y Vida
1632,CUIT,30717057496,INTEBROK SOCIEDAD DE PRODUCTORES ASESORES DE SEGUROS S.A. ,Patrimoniales y Vida
1633,CUIT,30716863847,ASESORES DEL INTERIOR SOCIEDAD DE PRODUCTORES ASESORES DE SEGUROS S.A.S. ,Patrimoniales y Vida
1634,CUIT,30716601532,Q & ICA S.R.L. ,Patrimoniales y Vida
1635,CUIT,30717090957,LET OP SOCIEDAD DE PRODUCTORES ASESORES DE SEGUROS S.R.L. ,Patrimoniales y Vida
1636,CUIT,30717029417,GAUSEG SOCIEDAD DE PRODUCTORES ASESORES DE SEGUROS S.A. ,Patrimoniales y Vida
1637,CUIT,30716958953,PHI PRODUCTORES ASESORES DE SEGUROS S.A.S. ,Patrimoniales y Vida
1638,CUIT,30717083748,CASTRO SOCIEDAD DE PRODUCTORES ASESORES DE SEGUROS S.R.L. ,Patrimoniales y Vida
1639,CUIT,30717290050,HEREDIASEG SOCIEDAD DE PRODUCTORES ASESORES DE SEGUROS S.R.L. ,Patrimoniales y Vida
1640,CUIT,30716792990,FUTURE SOCIEDAD DE PRODUCTORES ASESORES DE SEGUROS S.R.L. ,Patrimoniales y Vida
1641,CUIT,30717286193,O.C.S. SOCIEDAD DE PRODUCTORES ASESORES DE SEGUROS S.R.L. ,Patrimoniales y Vida
1642,CUIT,30716242524,RGA ASESORES DE SEGUROS S.A.S. ,Patrimoniales y Vida
1643,CUIT,33716594039,ORGANIZACION TRENEL S.A. ,Patrimoniales y Vida
1644,CUIT,30717386562,VERSADO SOCIEDAD DE PRODUCTORES ASESORES DE SEGUROS S.R.L. ,Patrimoniales y Vida
1645,CUIT,30716981270,FLORENCIO DEL SUR S.R.L. ,Patrimoniales y Vida
1646,CUIT,30717229289,SPECIALTY SOCIEDAD DE PRODUCTORES ASESORES DE SEGUROS S.A. ,Patrimoniales y Vida
1647,CUIT,30717228037,NIMBUS SOCIEDAD DE PRODUCTORES ASESORES DE SEGUROS S.A.S ,Patrimoniales y Vida
1648,CUIT,30717384756,ORGANIZAR SOCIEDAD DE PRODUCTORES ASESORES DE SEGUROS S.R.L. ,Patrimoniales y Vida
1649,CUIT,30717116646,321 BROKER SOCIEDAD DE PRODUCTORES ASESORES DE SEGUROS S.R.L. ,Patrimoniales y Vida
1650,CUIT,30717435008,ORGANIZACION TALCAHUANO SOCIEDAD DE PRODUCTORES ASESORES DE SEGUROS S.A. ,Patrimoniales y Vida
1651,CUIT,30717395472,ALDEAMARKETS SOCIEDAD DE PRODUCTORES ASESORES DE SEGUROS S.A. ,Patrimoniales y Vida
1652,CUIT,33717358339,FEDAVAL PRODUCTORES ASESORES DE SEGUROS SOCIEDAD DE RESPONSABILIDAD LIMITADA ,Patrimoniales y Vida
1653,CUIT,30717395669,VERTRAUEN BROKERS SOCIEDAD DE PRODUCTORES ASESORES DE SEGUROS S.R.L. ,Patrimoniales y Vida
1654,CUIT,30717340163,ASECOM SOCIEDAD DE PRODUCTORES ASESORES DE SEGUROS S.A. ,Patrimoniales y Vida
1655,CUIT,30716586215,SIRIUS BROKER DE SEGUROS SRL SOCIEDAD DE PRODUCTORES ASESORES DE SEGUROS ,Patrimoniales y Vida
1656,CUIT,30717309959,JRR SOCIEDAD DE PRODUCTORES ASESORES DE SEGUROS S.R.L. ,Patrimoniales y Vida
1657,CUIT,30717069168,PORT WILLIAMS S.R.L. ,Patrimoniales y Vida
1658,CUIT,30717408205,NDA PRODUCTORES ASESORES DE SEGUROS SOCIEDAD DE RESPONSABILIDAD LIMITADA ,Patrimoniales y Vida
1659,CUIT,33717536709,AMBROGGI MANZANO PRODUCTORES DE SEGUROS S.A.S ,Patrimoniales y Vida
1660,CUIT,30717080250,GESTION CITERA SOCIEDAD DE PRODUCTORES ASESORES DE SEGUROS SOCIEDAD ANONIMA ,Patrimoniales y Vida
1661,CUIT,30717404242,TUGARANTIA SOCIEDAD DE PRODUCTORES ASESORES DE SEGUROS S.R.L. ,Patrimoniales y Vida
1662,CUIT,30717469859,CLOVER SOCIEDAD DE PRODUCTORES ASESORES DE SEGUROS S.A.S. ,Patrimoniales y Vida
1663,CUIT,30717545334,BE SAFE SOCIEDAD DE PRODUCTORES Y ASESORES DE SEGUROS SOCIEDAD ANONIMA ,Patrimoniales y Vida
1664,CUIT,30717398927,GVAC PRODUCTORES ASESORES DE SEGUROS S.A. ,Patrimoniales y Vida
1665,CUIT,33717240699,AMALGAMA SOCIEDAD DE PRODUCTORES ASESORES DE SEGUROS S.A. ,Patrimoniales y Vida
1666,CUIT,30717475301,DOBLE OCHO SOCIEDAD DE PRODUCTORES ASESORES DE SEGUROS S.A.S. ,Patrimoniales y Vida
1667,CUIT,30717554929,ZR PRODUCTORES ASESORES DE SEGUROS S.R.L. ,Patrimoniales y Vida
1668,CUIT,30717660214,NALU EXCLUSIVA PRODUCTORES ASESORES DE SEGUROS SOCIEDAD ANONIMA ,Patrimoniales y Vida
1669,CUIT,33717397709,HG SOCIEDAD DE PRODUCTORES ASESORES DE SEGUROS S.R.L. ,Patrimoniales y Vida
1670,CUIT,33717375489,BGS LATAM BROKER PRODUCTORES ASESORES DE SEGUROS S.A.  ,Patrimoniales y Vida
1671,CUIT,30717288722,TIME TRAVELLERS SOCIEDAD DE PRODUCTORES ASESORES DE SEGUROS S.A. ,Patrimoniales y Vida
1672,CUIT,30717501027,BBR BROKER S.R.L. SOCIEDAD DE PRODUCTORES ASESORES DE SEGUROS ,Patrimoniales y Vida
1673,CUIT,30717545482,GURO SOCIEDAD DE PRODUCTORES ASESORES DE SEGUROS S.R.L. ,Patrimoniales y Vida
1674,CUIT,30717499391,SN BROKERS SOCIEDAD DE PRODUCTORES ASESORES DE SEGUROS S.R.L. ,Patrimoniales y Vida
1675,CUIT,30717157008,TECNOSUR SOCIEDAD DE PRODUCTORES ASESORES DE SEGUROS S.R.L. ,Articulo 19
1676,CUIT,33717004979,MIBRO SOCIEDAD DE PRODUCTORES ASESORES DE SEGUROS S.R.L. ,Patrimoniales y Vida
1677,CUIT,30717665216,ZALAZAR Y ASOCIADOS SOCIEDAD DE PRODUCTORES ASESORES DE SEGUROS S.R.L. ,Patrimoniales y Vida
1678,CUIT,30717631885,INTERPAS SOCIEDAD DE PRODUCTORES ASESORES DE SEGUROS S.A. ,Patrimoniales y Vida
1679,CUIT,30717661113,FAD PRODUCTORES ASESORES DE SEGUROS ASOCIADOS S.R.L. ,Patrimoniales y Vida
1680,CUIT,30717517519,HEADING SOCIEDAD DE PRODUCTORES ASESORES DE SEGUROS S.R.L. ,Patrimoniales y Vida
1681,CUIT,33717443379,CERTUS SOCIEDAD DE PRODUCTORES ASESORES DE SEGUROS S.A.S ,Patrimoniales y Vida
1682,CUIT,30717639444,COMAFI SOCIEDAD DE PRODUCTORES ASESORES DE SEGUROS S.A. ,Patrimoniales y Vida
1683,CUIT,30717161676,DE LA A A LA Z SOCIEDAD DE PRODUCTORES ASESORES DE SEGUROS S.R.L. ,Patrimoniales y Vida
1684,CUIT,30717555321,CONFIANCE SOCIEDAD DE PRODUCTORES ASESORES DE SEGUROS S.R.L. ,Patrimoniales y Vida
1685,CUIT,30717543242,CONTROL BROKER SOCIEDAD DE PRODUCTORES ASESORES DE SEGUROS S.R.L. ,Patrimoniales y Vida
1686,CUIT,30717618129,TEEM SOCIEDAD DE PRODUCTORES ASESORES DE SEGUROS S.R.L. ,Patrimoniales y Vida
1687,CUIT,30717672875,INVAI SOCIEDAD DE PRODUCTORES ASESORES DE SEGUROS S.R.L ,Patrimoniales y Vida
1688,CUIT,30717660583,LEXUS AR SOCIEDAD DE PRODUCTORES ASESORES DE SEGUROS S.A. ,Patrimoniales y Vida
1689,CUIT,30717640183,NETWORK SOCIEDAD DE PRODUCTORES ASESORES DE SEGUROS S.A. ,Patrimoniales y Vida
1690,CUIT,30717685160,RA BROKER SOCIEDAD DE PRODUCTORES ASESORES DE SEGUROS S.R.L. ,Patrimoniales y Vida
1691,CUIT,30717614093,GRIB SOCIEDAD DE PRODUCTORES ASESORES DE SEGUROS S.R.L. ,Patrimoniales y Vida
1692,CUIT,30717311511,CORONEL MOYA  Y ASOCIADOS SOCIEDAD DE PRODUCTORES ASESORES DE SEGUROS S.A. ,Patrimoniales y Vida
1693,CUIT,30717486494,ALTAMIRANO SOCIEDAD DE PRODUCTORES ASESORES DE SEGUROS S.A.S. ,Patrimoniales y Vida
1694,CUIT,30717613526,ALFREDO CORDONE SOCIEDAD DE PRODUCTORES ASESORES DE SEGUROS S.R.L. ,Patrimoniales y Vida
1695,CUIT,30717713407,FOCUS BROKER SOCIEDAD DE PRODUCTORES ASESORES DE SEGUROS S.R.L. ,Patrimoniales y Vida
1696,CUIT,30717521850,VE.DI. SOCIEDAD DE PRODUCTORES ASESORES DE SEGUROS S.A.S. ,Patrimoniales y Vida
1697,CUIT,30715533940,APH SOCIEDAD DE PRODUCTORES Y ASESORES DE SEGUROS S.A. ,Patrimoniales y Vida
1698,CUIT,30717681378,ELEMENTAL BROKERS SOCIEDAD DE PRODUCTORES Y ASESORES DE SEGUROS S.R.L. ,Patrimoniales y Vida
1699,CUIT,30717686604,LANDS BROKER SOCIEDAD DE PRODUCTORES ASESORES DE SEGUROS S.A. ,Patrimoniales y Vida
1700,CUIT,30717496074,GOMEZ LORENZO PRODUCTORES ASESORES DE SEGUROS S.A.S ,Patrimoniales y Vida
1701,CUIT,30717812723,KAVOP SOCIEDAD DE PRODUCTORES ASESORES DE SEGUROS S.A. ,Patrimoniales y Vida
1702,CUIT,30716593750,LOPEZ Y MEJUTO SOCIEDAD DE PRODUCTORES ASESORES DE SEGUROS S.R.L. ,Patrimoniales y Vida
1703,CUIT,30717486427,VIGIER BROKER SOCIEDAD DE PRODUCTORES ASESORES DE SEGUROS S.A. ,Patrimoniales y Vida
1704,CUIT,30717581950,TUFLIP SOCIEDAD DE PRODUCTORES ASESORES DE SEGUROS S.A. ,Patrimoniales y Vida
1705,CUIT,30717628302,DMB CONSULTORES SOC DE PRODUCTORES ASESORES DE SEGUROS SOCIEDAD DE RESPONSABILIDAD LIMITADA ,Patrimoniales y Vida
1706,CUIT,30717814254,TAMIN BROKER SOCIEDAD DE PRODUCTORES ASESORES DE SEGUROS S.A. ,Patrimoniales y Vida
1707,CUIT,30717080390,LE PRODUCTORES ASESORES DE SEGUROS S.A.S. ,Patrimoniales y Vida
1708,CUIT,30717473449,PAS.UNUM.ORGANIZADORES S.A.S. SOCIEDAD DE PRODUCTORES ASESORES DE SEGUROS ,Patrimoniales y Vida
1709,CUIT,30717886301,JIF SOCIEDAD DE PRODUCTORES ASESORES DE SEGUROS S.R.L. ,Patrimoniales y Vida
1710,CUIT,33717863939,INFITINYBROKER SOCIEDAD DE PRODUCTORES ASESORES DE SEGUROS S.R.L. ,Patrimoniales y Vida
1711,CUIT,30717754472,QUEBEC SOCIEDAD DE PRODUCTORES ASESORES DE SEGUROS S.A. ,Patrimoniales y Vida
1712,CUIT,30717810798,HABITAT SOCIEDAD DE PRODUCTORES ASESORES DE SEGUROS SOCIEDAD DE RESPONSABILIDAD LIMITADA ,Patrimoniales y Vida
1713,CUIT,30717674312,CYBER ASSIST SOCIEDAD DE PRODUCTORES ASESORES DE SEGUROS S.A. ,Patrimoniales y Vida
1714,CUIT,30717703568,LEGAL BROKERS SOCIEDAD DE PRODUCTORES ASESORES DE SEGUROS S.R.L. ,Patrimoniales y Vida
1715,CUIT,30717884694,SHELTER SOCIEDAD DE PRODUCTORES ASESORES DE SEGUROS S.R.L. ,Patrimoniales y Vida
1716,CUIT,30717118592,SXIETE SOCIEDAD DE PRODUCTORES ASESORES DE SEGUROS S.A.S ,Patrimoniales y Vida
1717,CUIT,33717939099,NEW SUNRISE BROKER PRODUCTOR ASESOR DE SEGUROS SOCIEDAD ANONIMA ,Patrimoniales y Vida
1718,CUIT,30717690792,NEW TECH BROKERS SOCIEDAD DE PRODUCTORES ASESORES DE SEGUROS S.R.L. ,Patrimoniales y Vida
1719,CUIT,30717665313,ALFREDO CHIAPPUSSI SOCIEDAD DE PRODUCTORES ASESORES DE SEGUROS S.R.L. ,Patrimoniales y Vida
1720,CUIT,30717875547,GUSTAVO R. PALMA E HIJOS PRODUCTORES DE SEGUROS SOCIEDAD DE RESPONSABILIDAD LIMITADA ,Patrimoniales y Vida
1721,CUIT,30717098680,SAL Y SILVETTI SOCIEDAD DE PRODUCTORES ASESORES DE SEGUROS S.A.S ,Patrimoniales y Vida
1722,CUIT,30718019105,MERCI PRODUCTORES ASESORES DE SEGUROS S.A. ,Patrimoniales y Vida
1723,CUIT,30718004965,ALIWEN SOCIEDAD DE PRODUCTORES ASESORES DE SEGUROS S.R.L. ,Patrimoniales y Vida
1724,CUIT,30717630935,MMP ASESORES SOCIEDAD DE PRODUCTORES ASESORES DE SEGUROS S.R.L. ,Patrimoniales y Vida
1725,CUIT,30717485471,SESAN NASUTI & ASOCIADOS SOCIEDAD DE PRODUCTORES ASESORES DE SEGUROS S.R.L. ,Patrimoniales y Vida
1726,CUIT,30717954919,BMSP BROKER SOCIEDAD DE PRODUCTORES ASESORES DE SEGUROS S.R.L. ,Patrimoniales y Vida
1727,CUIT,30717947483,VDT SOCIEDAD DE PRODUCTORES ASESORES DE SEGUROS S.R.L. ,Patrimoniales y Vida
1728,CUIT,30717920569,ORGPADUA SOCIEDAD DE PRODUCTORES ASESORES DE SEGURO S.R.L. ,Patrimoniales y Vida
1729,CUIT,30717781453,FEDERICO Y ASOCIADOS PRODUCTORES ASESORES DE SEGUROS S.R.L. ,Patrimoniales y Vida
1730,CUIT,30717730085,ASC SOCIEDAD DE PRODUCTORES ASESORES DE SEGUROS S.R.L. ,Patrimoniales y Vida
1731,CUIT,30717692965,SOUTH BROKER SOCIEDAD DE PRODUCTORES ASESORES DE SEGUROS S.A. ,Patrimoniales y Vida
1732,CUIT,30718098250,CORPUS BROKER PRODUCTORES ASESORES DE SEGUROS SOCIEDAD ANONIMA ,Patrimoniales y Vida
1733,CUIT,30717848248,THE UMBRELLA SOCIEDAD DE PRODUCTORES ASESORES DE SEGUROS S.A. ,Patrimoniales y Vida
1734,CUIT,30717711951,S.O.S. SUCURSAL OESTE SOCIEDAD DE PRODUCTORES ASESORES DE SEGUROS S.R.L. ,Patrimoniales y Vida
1735,CUIT,30717723410,SUNI SOCIEDAD DE PRODUCTORES ASESORES DE SEGUROS SOCIEDAD DE RESPONSABILIDAD LIMITADA ,Patrimoniales y Vida
1736,CUIT,30717687430,FINEX PATRIMONIOS PRODUCTORES DE SEGUROS S.A. ,Patrimoniales y Vida
1737,CUIT,30718019423,ANTEGIOVANNI & ASOCIADOS SOCIEDAD DE PRODUCTORES ASESORES DE SEGUROS S.R.L. ,Patrimoniales y Vida
1738,CUIT,30717845540,SER SOCIEDAD DE PRODUCTORES ASESORES DE SEGUROS S.A. ,Patrimoniales y Vida
1739,CUIT,30717955958,ACTIVE SOCIEDAD DE PRODUCTORES ASESORES DE SEGUROS S.R.L. ,Patrimoniales y Vida
1740,CUIT,30717592901,FASTED SOCIEDAD DE PRODUCTORES ASESORES DE SEGUROS S.R.L. ,Patrimoniales y Vida
1741,CUIT,30718076052,PENTA BROKER SOCIEDAD DE PRODUCTORES ASESORES DE SEGUROS S.A. ,Patrimoniales y Vida
1742,CUIT,30717884988,BROKER ORV ALIANZAS INTELIGENTES SOCIEDAD DE PRODUCTORES ASESORES DE SEGUROS S.A. ,Patrimoniales y Vida
1743,CUIT,30717872041,BACS BROKER SOCIEDAD DE PRODUCTORES ASESORES DE SEGUROS S.A. ,Patrimoniales y Vida
1744,CUIT,30718214188,VUS BROKER SOCIEDAD DE PRODUCTORES ASESORES DE SEGUROS S.R.L. ,Patrimoniales y Vida
1745,CUIT,30717788652,ORGANIZACION CHIALVO SOCIEDAD DE PRODUCTORES ASESORES DE SEGUROS S.A. ,Patrimoniales y Vida
1746,CUIT,30717112934,ANBA SOCIEDAD DE PRODUCTORES ASESORES DE SEGUROS S.R.L. ,Patrimoniales y Vida
1747,CUIT,30715407384,SINCRONICIDAD S.A. SOCIEDAD DE PRODUCTORES ASESORES DE SEGUROS  ,Patrimoniales y Vida
1748,CUIT,30718213262,IMPULSAR SOCIEDAD DE PRODUCTORES Y ASESORES DE SEGUROS S.A. ,Patrimoniales y Vida
1749,CUIT,30717847527,ZWP SOCIEDAD ANÓNIMA DE PRODUCTORES ASESORES DE SEGUROS  ,Articulo 19
1750,CUIT,30718042417,AC BROKERS SOCIEDAD DE PRODUCTORES ASESORES DE SEGUROS S.R.L. ,Patrimoniales y Vida
1751,CUIT,30717314936,ORGANIZACION PUCCINI SOCIEDAD DE PRODUCTORES ASESORES DE SEGUROS S.R.L. ,Patrimoniales y Vida
1752,CUIT,30718172000,MCH BROKERS SOCIEDAD DE PRODUCTORES ASESORES DE SEGUROS S.R.L. ,Patrimoniales y Vida
1753,CUIT,30718191749,FIRENZE VITA SOCIEDAD DE PRODUCTORES ASESORES DE SEGUROS S.R.L. ,Patrimoniales y Vida
1754,CUIT,30718193814,TRYS SOCIEDAD DE PRODUCTORES ASESORES DE SEGUROS S.R.L. ,Patrimoniales y Vida
1755,CUIT,30718097599,GOGNIAT NICOLAS SOCIEDAD DE PRODUCTORES ASESORES DE SEGUROS S.R.L. ,Patrimoniales y Vida
1756,CUIT,30717355861,ORGANIZACION MENGONI SOCIEDAD DE PRODUCTORES ASESORES DE SEGUROS S.A. ,Patrimoniales y Vida
1757,CUIT,30718038851,GERMAN PUCHETA SOCIEDAD DE PRODUCTORES ASESORES DE SEGUROS S.A.S. ,Patrimoniales y Vida
1758,CUIT,30718104676,ORONAO SOCIEDAD DE PRODUCTORES ASESORES DE SEGUROS S.R.L. ,Patrimoniales y Vida
1759,CUIT,30717876454,SIFH SOCIEDAD DE PRODUCTORES ASESORES DE SEGUROS S.R.L. ,Patrimoniales y Vida
1760,CUIT,30718275292,PROMENA PROTECT SOCIEDAD DE PRODUCTORES ASESORES DE SEGUROS S.A. ,Patrimoniales y Vida
1761,CUIT,30718335333,DARDO SILVA SOCIEDAD DE PRODUCTORES ASESORES DE SEGUROS S.R.L. ,Patrimoniales y Vida
1762,CUIT,33718189379,AA SOCIEDAD DE PRODUCTORES ASESORES DE SEGUROS S.R.L. ,Patrimoniales y Vida
1763,CUIT,30717510441,HORACIO MERODO E HIJOS SOCIEDAD DE PRODUCTORES ASESORES DE SEGUROS S.R.L. ,Articulo 19
1764,CUIT,33718096419,LISEG SOCIEDAD DE PRODUCTORES ASESORES DE SEGUROS S.A.S. ,Patrimoniales y Vida
1765,CUIT,30718035577,BUSHI BROKERS SOCIEDAD DE PRODUCTORES ASESORES DE SEGUROS S.A. ,Patrimoniales y Vida
1766,CUIT,30718030966,CAUCIONLINE SOCIEDAD DE PRODUCTORES ASESORES DE SEGUROS S.R.L. ,Patrimoniales y Vida
1767,CUIT,30718238036,SIRES RESPUESTA SEGURA SOCIEDAD DE PRODUCTORES ASESORES DE SEGUROS S.A ,Patrimoniales y Vida
1768,CUIT,30718280032,JUGRA SOCIEDAD DE PRODUCTORES ASESORES DE SEGUROS S.A.S. ,Patrimoniales y Vida
1769,CUIT,30718246632,JORDA SOCIEDAD DE PRODUCTORES ASESORES DE SEGUROS S.R.L. ,Patrimoniales y Vida
1770,CUIT,30718135946,J&J BROKER SOCIEDAD DE PRODUCTORES ASESORES DE SEGUROS S.R.L. ,Patrimoniales y Vida
1771,CUIT,30718310934,MAURO GUILLERMO SEQUEIRO BROKER SOCIEDAD DE PRODUCTORES ASESORES DE SEGUROS S.A.S. ,Patrimoniales y Vida
1772,CUIT,30718262581,VILLAMIL Y  ASOCIADOS PRODUCTORES ASESORES DE SEGUROS S.A. ,Patrimoniales y Vida
1773,CUIT,30718371518,LÓPEZ OSORNIO SOCIEDAD DE PRODUCTORES ASESORES DE SEGUROS S.R.L. ,Patrimoniales y Vida
1774,CUIT,30718396170,RUBICO SOCIEDAD DE PRODUCTORES ASESORES DE SEGUROS S.R.L. ,Patrimoniales y Vida
1775,CUIT,30718365747,DORLEONA SOCIEDAD DE PRODUCTORES DE SEGUROS S.R.L. ,Patrimoniales y Vida
1776,CUIT,30718484339,MARTEU SOCIEDAD DE PRODUCTORES ASESORES DE SEGUROS S.R.L. ,Patrimoniales y Vida
1777,CUIT,30718295889,PLUSS LIFE SOCIEDAD DE PRODUCTORES ASESORES DE SEGUROS S.R.L. ,Patrimoniales y Vida
1778,CUIT,30718404505,GRAVITAS SOCIEDAD DE PRODUCTORES ASESORES DE SEGUROS S.A. ,Patrimoniales y Vida
1779,CUIT,30718216571,PUERTO NUEVO SOCIEDAD DE PRODUCTORES ASESORES DE SEGUROS S.R.L. ,Patrimoniales y Vida
1780,CUIT,30718287436,POLARIS SOCIEDAD DE PRODUCTORES ASESORES DE SEGUROS S.A. ,Patrimoniales y Vida
1781,CUIT,30718361644,DONOFRIO Y ASOCIADOS SOCIEDAD DE PRODUCTORES ASESORES DE SEGUROS S.R.L. ,Patrimoniales y Vida
1782,CUIT,30716659808,COMPARADOR DIGITAL SOCIEDAD ANÓNIMA DE PRODUCTORES ASESORES DE SEGUROS ,Patrimoniales y Vida
1783,CUIT,30718369688,NEXO BROKER DE RIESGOS - PRODUCTORES ASESORES EN SEGUROS S.R.L. ,Patrimoniales y Vida
1784,CUIT,30718095170,CASA COROS SOCIEDAD DE PRODUCTORES ASESORES DE SEGUROS S.R.L. ,Patrimoniales y Vida
1785,CUIT,30717038025,CRUZ & ELMO SOCIEDAD DE PRODUCTORES ASESORES DE SEGUROS S.R.L. ,Patrimoniales y Vida
1786,CUIT,30718256913,HGB SOCIEDAD DE PRODUCTORES ASESORES DE SEGUROS S.R.L. ,Patrimoniales y Vida
1787,CUIT,33717401269,GF & CO SOCIEDAD DE PRODUCTORES ASESORES DE SEGUROS S.R.L. ,Patrimoniales y Vida
1788,CUIT,30718493834,CANNATA MAXIMILIANO LEONEL SOCIEDAD DE PRODUCTORES ASESORES DE SEGUROS S.R.L. ,Patrimoniales y Vida
1789,CUIT,30718226755,JH BROKER SAS SOCIEDAD DE ASESORES PRODUCTORES DE SEGUROS  ,Patrimoniales y Vida
1790,CUIT,30718447484,ORGANIZACIÓN SAMMAN PRODUCTORES ASESORES DE SEGUROS S.A. ,Patrimoniales y Vida
1791,CUIT,30717537927,FANTIN TEJEDA SOCIEDAD DE PRODUCTORES ASESORES DE SEGUROS S.R.L. ,Patrimoniales y Vida
1792,CUIT,30718515749,PANATTONI - MANSANELLI SOCIEDAD DE PRODUCTORES ASESORES DE SEGUROS S.A.S. ,Patrimoniales y Vida
1793,CUIT,30718293940,RBBS BROKERS SOCIEDAD DE PRODUCTORES ASESORES DE SEGUROS S.A.S. ,Patrimoniales y Vida
1794,CUIT,30717596257,SBS BROKER SOCIEDAD DE PRODUCTORES DE ASESORES DE SEGUROS S.R.L. ,Patrimoniales y Vida
1795,CUIT,30717518159,TU ESPECIALISTA SAN PEDRO SOCIEDAD DE PRODUCTORES ASESORES DE SEGUROS S.R.L. ,Patrimoniales y Vida
1796,CUIT,30718438051,EE BROKER SOCIEDAD DE PRODUCTORES ASESORES DE SEGUROS S.R.L. ,Patrimoniales y Vida
1797,CUIT,30718619978,INSUWORLD SOCIEDAD DE PRODUCTORES ASESORES DE SEGUROS S.A.S. ,Patrimoniales y Vida
1798,CUIT,30718456726,CN ASESORES SOCIEDAD DE PRODUCTORES ASESORES DE SEGUROS S.R.L. ,Patrimoniales y Vida
1799,CUIT,30718588959,CONECTA SOCIEDAD DE PRODUCTORES ASESORES DE SEGUROS S.A.S. ,Patrimoniales y Vida
1800,CUIT,30716864754,WEGO AGRO SOCIEDAD DE PRODUCTORES ASESORES DE SEGUROS S.A. ,Patrimoniales y Vida
1801,CUIT,30718508408,LURASCHI SOCIEDAD DE PRODUCTORES ASESORES DE SEGURO S.A. ,Patrimoniales y Vida
1802,CUIT,30718502078,MUV SOCIEDAD DE PRODUCTORES ASESORES DE SEGUROS S.A. ,Patrimoniales y Vida
1803,CUIT,30717759725,MARINE BROKER SOCIEDAD DE PRODUCTORES ASESORES DE SEGUROS S.A. ,Patrimoniales y Vida
1804,CUIT,30718536517,LINDICO BROKER SOCIEDAD DE PRODUCTORES ASESORES DE SEGUROS S.R.L. ,Patrimoniales y Vida
1805,CUIT,30718625528,GRANDE Y RAMIREZ SOCIEDAD DE PRODUCTORES ASESORES DE SEGUROS S.R.L. ,Patrimoniales y Vida
1806,CUIT,30718391543,SMMART SOCIEDAD DE PRODUCTORES ASESORES DE SEGUROS S.A. ,Patrimoniales y Vida
1807,CUIT,30717952991,DEL VALLE FH SOCIEDAD DE PRODUCTORES ASESORES DE SEGUROS S.R.L. ,Patrimoniales y Vida
1808,CUIT,30718566351,ORGANIZACION OURO SOCIEDAD DE PRODUCTORES ASESORES DE SEGUROS S.R.L. ,Patrimoniales y Vida
1809,CUIT,30718497600,RANIERI SOCIEDAD DE PRODUCTORES ASESORES DE SEGUROS S.R.L. ,Patrimoniales y Vida
1810,CUIT,30718688848,ORGANIZACION NEOVIRTUALPAS SOCIEDAD DE PRODUCTORES ASESORES DE SEGUROS S.R.L. ,Patrimoniales y Vida
1811,CUIT,30718261860,CM LIFE BROKER PRODUCTORES Y ASESORES DE SEGUROS S.A.S. ,Patrimoniales y Vida
1812,CUIT,30718519612,APPOLLONI SOCIEDAD DE PRODUCTORES ASESORES DE SEGUROS S.A.S. ,Patrimoniales y Vida
1813,CUIT,30718122801,MZ PRODUCTORES ASESORES DE SEGUROS S.A. ,Patrimoniales y Vida
1814,CUIT,30718478274,LEIVA SOCIEDAD DE PRODUCTORES ASESORES DE SEGUROS S.R.L. ,Patrimoniales y Vida
1815,CUIT,33718646419,GRUPO ASSICURATI SOCIEDAD DE PRODUCTORES ASESORES DE SEGUROS S.R.L. ,Patrimoniales y Vida
1816,CUIT,30717847322,ES MDP 2707 SOCIEDAD DE PRODUCTORES ASESORES DE SEGUROS S.A. ,Patrimoniales y Vida
1817,CUIT,30718753143,RED PATAGONICA PRODUCTORES ASESORES DE SEGUROS SOCIEDAD ANONIMA ,Patrimoniales y Vida
1818,CUIT,30718563972,SICURO SOCIEDAD DE PRODUCTORES ASESORES DE SEGUROS S.A. ,Patrimoniales y Vida
1819,CUIT,30718714229,SOCIEDAD DE PRODUCTORES ASESORES DE SEGUROS ORGANIZACION FALCON S.R.L. ,Patrimoniales y Vida
1820,CUIT,30718618815,COLMENA MAPS SOCIEDAD DE PRODUCTORES ASESORES DE SEGUROS S.R.L. ,Patrimoniales y Vida
1821,CUIT,30718626222,ARKET SOCIEDAD DE PRODUCTORES ASESORES DE SEGUROS S.A.S. ,Patrimoniales y Vida
1822,CUIT,30718209567,PRESTIGE WORLDWIDE SOCIEDAD DE PRODUCTORES ASESORES DE SEGUROS S.A. ,Patrimoniales y Vida
1823,CUIT,33718714759,LOS ANDES BROKER S.A. SOCIEDAD DE PRODUCTORES ASESORES DE SEGUROS ,Patrimoniales y Vida
1824,CUIT,30718388461,DI BROKER SOCIEDAD DE PRODUCTORES ASESORES DE SEGUROS S.A. ,Patrimoniales y Vida
1825,CUIT,33718738259,REDEX SOCIEDAD DE PRODUCTORES ASESORES DE SEGUROS S.A.S. ,Patrimoniales y Vida
1826,CUIT,30718759435,ALL BROKER SOCIEDAD DE PRODUCTORES ASESORES DE SEGUROS S.R.L. ,Patrimoniales y Vida
1827,CUIT,30718518993,GMP ASESORES PRODUCTORES INTEGRALES DE SEGUROS S.R.L.  ,Patrimoniales y Vida
1828,CUIT,30716648415,FEDERASEGURADOS SOCIEDAD DE PRODUCTORES DE SEGUROS S.A. ,Patrimoniales y Vida
1829,CUIT,30718282450,P&P PRODUCTORES ASESORES DE SEGUROS S.R.L. ,Patrimoniales y Vida
1830,CUIT,30718854675,INNOVARE PRODUCTORES ASESORES DE SEGUROS SOCIEDAD ANÓNIMA ,Patrimoniales y Vida
1831,CUIT,30718540948,GRUPO STORINO PRODUCTORES ASESORES DE SEGUROS S.A. ,Patrimoniales y Vida
1832,CUIT,33718318179,ALKANZAR SOCIEDAD DE PRODUCTORES ASESORES DE SEGUROS S.A. ,Patrimoniales y Vida
1833,CUIT,30718587707,GRS BROKER SOCIEDAD DE PRODUCTORES ASESORES DE SEGURO S.R.L. ,Patrimoniales y Vida
1834,CUIT,30718221354,EUREKA SOCIEDAD DE PRODUCTORES ASESORES DE SEGUROS S.A. ,Patrimoniales y Vida
1835,CUIT,30718697456,L PARENTE GROUP SOCIEDAD DE PRODUCTORES DE SEGUROS S.A. ,Patrimoniales y Vida
1836,CUIT,30718497120,ALORI ARGENTINA SOCIEDAD DE PRODUCTORES ASESORES DE SEGUROS S.R.L. ,Patrimoniales y Vida
1837,CUIT,30718812301,ORGANIZACION ROSARIO SOCIEDAD DE PRODUCTORES ASESORES DE SEGUROS S.R.L. ,Patrimoniales y Vida
1838,CUIT,30718860462,PINO S.A. PRODUCTORES ASESORES DE SEGUROS ,Patrimoniales y Vida
1839,CUIT,30718335597,LE BATELEUR SOCIEDAD DE PRODUCTORES ASESORES DE SEGUROS S.R.L. ,Patrimoniales y Vida
1840,CUIT,30718429338,GHIRLANDA MC SOCIEDAD DE PRODUCTORES ASESORES DE SEGUROS S.R.L. ,Patrimoniales y Vida
1841,CUIT,30718693914,RUGGI CO SOCIEDAD DE PRODUCTORES ASESORES DE SEGUROS S.A. ,Patrimoniales y Vida
1842,CUIT,30717607526,MGR SOCIEDAD DE PRODUCTORES ASESORES DE SEGUROS S.R.L. ,Patrimoniales y Vida
1843,CUIT,30718969693,ROSEMBERG & TARLETTA SOCIEDAD DE PRODUCTORES ASESORES DE SEGUROS S.R.L. ,Patrimoniales y Vida
1844,CUIT,30718891333,URANCE VG AGENCY SOCIEDAD DE PRODUCTORES ASESORES DE SEGUROS S.A. ,Patrimoniales y Vida
1845,CUIT,30717913627,DECA SOCIEDAD DE PRODUCTORES ASESORES DE SEGUROS S.A.S. ,Patrimoniales y Vida
1846,CUIT,30718859103,A. BILBAO & ASOCIADOS SOCIEDAD DE PRODUCTORES ASESORES DE SEGUROS S.A.S. ,Patrimoniales y Vida
1847,CUIT,30718848225,ANANDA PRODUCTORES ASESORES DE SEGUROS S.R.L. ,Patrimoniales y Vida
1848,CUIT,30718164733,TREVI SOCIEDAD DE PRODUCTORES Y ASESORES DE SEGUROS S.A.S. ,Patrimoniales y Vida
1849,CUIT,30718803418,MEDICCI - VIGNAU & ASOCIADOS SOCIEDAD DE PRODUCTORES ASESORES DE SEGUROS S.A. ,Patrimoniales y Vida
1850,CUIT,30718833945,SERCAP SOCIEDAD DE PRODUCTORES ASESORES DE SEGUROS S.A.S. ,Patrimoniales y Vida
1851,CUIT,30718216784,SPMF SOCIEDAD DE PRODUCTORES ASESRES DE SEGUROS S.R.L. ,Patrimoniales y Vida
1852,CUIT,30719010527,TRIKOMO GROUP SOCIEDAD DE PRODUCTORES ASESORES DE SEGUROS S.R.L. ,Patrimoniales y Vida
1853,CUIT,33718604279,PRN GRUPO PRODUCTORES ASESORES DE SEGUROS S.R.L. ,Patrimoniales y Vida
1854,CUIT,30718376366,PANDA GROUP BROKER SOCIEDAD DE PRODUCTORES ASESORES DE SEGUROS S.R.L ,Patrimoniales y Vida
1855,CUIT,30716336367,AZMEDIA SOCIEDAD DE PRODUCTORES ASESORES DE SEGUROS S.A.  ,Patrimoniales y Vida
1856,CUIT,30718846516,SOLU RISK SERVICIOS SOCIEDAD DE PRODUCTORES ASESORES DE SEGUROS S.R.L. ,Patrimoniales y Vida
1857,CUIT,30718661001,IMG BROKER PRODUCTORES ASESORES DE SEGUROS S.A.S. ,Patrimoniales y Vida
1858,CUIT,30718916166,NKSII SOCIEDAD DE PRODUCTORES ASESORES DE SEGUROS S.A. ,Patrimoniales y Vida
1859,CUIT,30718806107,BRAVO BROKER SOCIEDAD DE PRODUCTORES ASESORES DE SEGUROS S.A. ,Patrimoniales y Vida
1860,CUIT,33718787829,MIRAI BROKER SOCIEDAD DE PRODUCTORES ASESORES DE SEGUROS S.R.L. ,Patrimoniales y Vida
1861,CUIT,30718312031,G.R.A.G SOCIEDAD DE PRODUCTORES ASESORES DE SEGUROS S.A.S. ,Patrimoniales y Vida
1862,CUIT,30719005132,ALESO SOCIEDAD DE PRODUCTORES DE SEGUROS SOCIEDAD DE RESPONSABILIDAD LIMITADA ,Patrimoniales y Vida
1863,CUIT,30719091659,COLMAR SOCIEDAD DE PRODUCTORES ASESORES DE SEGUROS S.A. ,Patrimoniales y Vida
1864,CUIT,30718856139,JACARANDA SOCIEDAD DE PRODUCTORES ASESORES DE SEGUROS S.A. ,Patrimoniales y Vida
1865,CUIT,30719075629,EMILIANO MIRAS & FEDERICO MIRAS SOCIEDAD DE PRODUCTORES Y ASESORES DE SEGUROS S.A.S. ,Patrimoniales y Vida
1866,CUIT,30719024455,MAS Q PRODUCTORES ASESORES DE SEGUROS S.A.S. ,Patrimoniales y Vida
1867,CUIT,30719030048,ZUMA PRODUCTORES ASESORES DE SEGUROS S.A. ,Patrimoniales y Vida
1868,CUIT,30718577426,CONTINENTAL BROKERS SOCIEDAD DE PRODUCTORES ASESORES DE SEGUROS S.R.L. ,Patrimoniales y Vida
1869,CUIT,30719103819,WING BROKER SOCIEDAD DE PRODUCTORES ASESORES DE SEGUROS S.R.L. ,Patrimoniales y Vida
1870,CUIT,30718798988,CROMA EVOLUCIÓN PRODUCTORES ASESORES DE SEGUROS S.R.L. ,Patrimoniales y Vida
1871,CUIT,30719102995,MINGO RPM SOCIEDAD DE PRODUCTORES ASESORES DE SEGUROS S.R.L. ,Patrimoniales y Vida
1872,CUIT,33718874519,GAPPEX SOCIEDAD DE PRODUCTORS ASESORES DE SEGUROS S.A. ,Patrimoniales y Vida
1873,CUIT,30719072751,FAGALDE GROUP SOCIEDAD DE PRODUCTORES ASESORES DE SEGUROS S.A.S. ,Patrimoniales y Vida
1874,CUIT,30719160464,ARGENTUM BROKER SOCIEDAD DE PRODUCTORES ASESORES DE SEGUROS SOCIEDAD POR ACCIONES SIMPLIFICADA ,Patrimoniales y Vida
1875,CUIT,30719034817,4KPRO BROKER SOCIEDAD DE PRODUCTORES ASESORES DE SEGUROS S.R.L. ,Patrimoniales y Vida
1876,CUIT,30718928326,ASESORG SOCIEDAD DE PRODUCTORES ASESORES DE SEGUROS S.R.L. ,Patrimoniales y Vida
1877,CUIT,30719060982,ADB BROKER SOCIEDAD DE PRODUCTORES ASESORES DE SEGUROS S.A. ,Patrimoniales y Vida
1878,CUIT,30716133903,GURALY BROKER SOCIEDAD DE PRODUCTORES ASESORES DE SEGUROS S.A. ,Patrimoniales y Vida
1879,CUIT,30719127742,100PREVALOR SOCIEDAD DE PRODUCTORES ASESORES DE SEGUROS S.A.S. ,Patrimoniales y Vida
1880,CUIT,30718856406,QUINTANA ASESORES SOCIEDAD DE PRODUCTORES DE SEGUROS S.R.L. ,Patrimoniales y Vida
50014,CUIT,30705038070,HFTI S.A. ,Vida
50035,CUIT,33710331109,SBSAR S.A. ,Vida
50040,CUIT,30684640514,ORGANIZACION RUE DU BAC 140 A.S. S.R.L. ,Vida
50041,CUIT,30712255427,INTEGRITY GROUP S.A. ,Vida
50042,CUIT,30713392401,MARQUET CONSULTORES SRL ,Vida
50043,CUIT,30712702806,EUTOPIA SA ,Vida
50044,CUIT,30714178926,GRUPO FLIESS SRL ,Vida
50046,CUIT,30715235427,ISAS ASESORES DE SEGUROS S.A. ,Vida
50048,CUIT,30715661957,ONE INVESTMENT GROUP S.R.L. ,Vida
50049,CUIT,30717118312,PRIORITY SOCIEDAD DE PRODUCTORES DE ASESORES DE SEGURO S.R.L. ,Vida
50050,CUIT,30718145526,ABAX SF SOCIEDAD DE PRODUCTORES ASESORES DE SEGUROS SOCIEDAD ANONIMA ,Vida
